text,policy_area
"To limit the fees charged by the National Archives and Records Administration to veterans for
			 military service records, and for other purposes.",Armed Forces and National Security
Expressing the sense of the House of Representatives that the Nation should honor and recognize military families who have been disproportionately affected by the COVID–19 crisis.,Armed Forces and National Security
"To amend title 10, United States Code, to include training on consequences of committing a crime in preseparation counseling of the Transition Assistance Program of the Department of Defense.",Armed Forces and National Security
"To amend title 10, United States Code, to provide an extension of the special survivor indemnity allowance provided to widows and widowers of certain deceased members of the uniformed services.",Armed Forces and National Security
"To amend title 10, United States Code, to require that
		  implementation of the repeal of the former Department of Defense policy
		  concerning homosexual behavior in the Armed Forces not infringe upon the free
		  exercise of religion by and the rights of conscience of members of the Armed
		  Forces, including chaplains, and for other purposes.",Armed Forces and National Security
"Designating April 5, 2013, as Gold
		  Star Wives Day.",Armed Forces and National Security
"To authorize the provision of health care for certain individuals exposed to environmental hazards
			 at Atsugi Naval Air Facility, to establish an advisory board to examine
			 exposures to environmental hazards at such Air Facility, and for other
			 purposes.",Armed Forces and National Security
"To amend title 10, United States Code, to provide a period for the relocation of spouses and
			 dependents of certain
			 members of the Armed Forces undergoing a permanent
			 change of
			 station in order to ease and facilitate the relocation of military
			 families.",Armed Forces and National Security
"To authorize the Secretary of Veterans Affairs to provide support to university law school programs
			 that are designed to provide legal assistance to veterans, and for other
			 purposes.",Armed Forces and National Security
"To require the Secretary of Veterans Affairs to award grants to establish, or expand upon, master’s
			 degree programs in orthotics and prosthetics, and for other purposes.",Armed Forces and National Security
"To amend title 10, United States Code, to improve the management of medical care for members of the Armed Forces, to improve the speed and efficiency of the physical disability evaluation system of the Department of Defense, and for other purposes.",Armed Forces and National Security
"To direct the Secretary of Veterans Affairs to develop and maintain a suicide risk management and
			 prevention and lethal means training course for certain employees of the
			 Department of Veterans Affairs, and for other purposes.",Armed Forces and National Security
"To amend the National Defense Authorization Act for
		  Fiscal Year 2012 to provide for the trial of covered persons detained in the
		  United States pursuant to the Authorization for Use of Military Force and to
		  repeal the requirement for military custody.",Armed Forces and National Security
"To require the Secretary of Defense to submit to Congress

		  all documentation related to the Secretary's recommendations for the 2005 round

		  of defense base closure and realignment. ",Armed Forces and National Security
"To authorize and request the President to issue a posthumous commission in the regular Army to Milton Holland, who, while sergeant major of the 5th Regiment, United States Colored Infantry, was awarded the Medal of Honor for gallantry during the Civil War.",Armed Forces and National Security
"To require the Department of Defense to grant access to
		  accredited members of the media at military commemoration ceremonies and
		  memorial services for members of the Armed Forces who have died on active duty
		  and when the remains of members of the Armed Forces arrive at military
		  installations in the United States.",Armed Forces and National Security
"To amend title 38, United States Code, to provide for a presumption of service connection for certain diseases in veterans who were exposed to burn pits.",Armed Forces and National Security
"To amend title 38, United States Code, to improve benefits administered by the Secretary of Veterans Affairs, and for other purposes. ",Armed Forces and National Security
"Expressing the sense of the Senate that the
		  United States should leave no member of the Armed Forces unaccounted for during
		  the drawdown of forces in Afghanistan.",Armed Forces and National Security
"To provide for free mailing privileges for personal
		  correspondence and parcels sent to members of the Armed Forces serving on
		  active duty in Iraq or Afghanistan.",Armed Forces and National Security
"To authorize major medical facility projects for the Department of Veterans Affairs for fiscal year 2022, and for other purposes.",Armed Forces and National Security
"To improve information security for veterans, and for
		  other purposes.",Armed Forces and National Security
"Designating the month of November 2011 as National
		  Military Family Month.",Armed Forces and National Security
"To amend title 38, United States Code, to improve the
		  quality of care provided to veterans in Department of Veterans Affairs medical
		  facilities, to encourage highly qualified doctors to serve in hard-to-fill
		  positions in such medical facilities, and for other purposes.",Armed Forces and National Security
"To repeal the military surplus program under title 10, United States Code.",Armed Forces and National Security
"To direct the Secretary of Veterans Affairs to update the Lethal Means Safety and Suicide Prevention training course of the Department of Veterans Affairs, and for other purposes.",Armed Forces and National Security
"To amend section 504 of the Veterans' Benefits Improvements Act of 1996 to specify the funding
			 source for travel related to examinations by physicians not employed by
			 the Department of Veterans Affairs regarding medical disabilities of
			 applicants for benefits under title 38, United States Code, to codify
			 section 504 of the Veterans' Benefits Improvements Act of 1996, and for
			 other purposes.",Armed Forces and National Security
"To require the Secretary of Veterans Affairs to submit to
		  Congress a report on the feasibility and advisability of establishing a
		  polytrauma rehabilitation center or polytrauma network site of the Department
		  of Veterans Affairs in the southern New Mexico and El Paso, Texas, region, and
		  for other purposes.",Armed Forces and National Security
"Recognizing Connecticut’s Submarine Century, the 100th anniversary of the establishment of Naval
			 Submarine Base New London, and Connecticut’s historic role in supporting
			 the undersea capabilities of the United States.",Armed Forces and National Security
"To amend title 38, United States Code, to grant family of members of the uniformed services temporary annual leave during the deployment of such members, and for other purposes.",Armed Forces and National Security
"To amend section 701 of the Veterans Access, Choice, and Accountability Act of 2014 to clarify the period of eligibility during which certain spouses are entitled to assistance under the Marine Gunnery Sergeant John David Fry Scholarship.",Armed Forces and National Security
To require the Secretary of Veterans Affairs to publish a rule to implement the requirement that the Secretary be permitted to waive the limitation in law on reimbursement of veterans receiving domiciliary care in State homes.,Armed Forces and National Security
"To amend title 38, United States Code, to extend the authority of the Secretary of Veterans Affairs to carry out the Department of Veterans Affairs Health Professional Scholarship Program.",Armed Forces and National Security
"To amend title 38, United States Code, to
		  expand the scope of programs of education for which accelerated payments of
		  educational assistance under the Montgomery GI Bill may be used, and for other
		  purposes.",Armed Forces and National Security
To direct the Secretary of Defense to list certain individuals who are awarded the Purple Heart on the internet website of the Department of Defense that lists individuals who have been awarded certain military awards.,Armed Forces and National Security
"To amend title 37, United States Code, to require the Secretary of Defense to continue to pay to a member of the Armed Forces who is retired or separated from the Armed Forces due to a combat-related injury certain bonuses that the member was entitled to before the retirement or separation and would continue to be entitled to if the member was not retired or separated, and for other purposes. ",Armed Forces and National Security
"To amend title 38, United States Code, to authorize the Secretary of Veterans Affairs to waive the
			 requirement of certain veterans to make copayments for hospital care and
			 medical services in the case of an error by the Department of Veterans
			 Affairs, and for other purposes.",Armed Forces and National Security
"To reduce sexual assault and domestic violence involving
		  members of the Armed Forces and their family members and partners through
		  enhanced programs of prevention and deterrence, enhanced programs of victims’
		  services, and strengthened provisions for prosecution of assailants, and for
		  other purposes.",Armed Forces and National Security
"To require the Secretary of Veterans Affairs to ensure compliance of medical facilities of the
			 Department of Veterans Affairs with requirements relating to the
			 scheduling of appointments, to require appointment by the President and
			 confirmation by the Senate of certain health care officials of the
			 Department, and for other purposes.",Armed Forces and National Security
"To amend title 38, United States Code, to modify the family caregiver program of the Department of Veterans Affairs to include services related to mental health and neurological disorders, and for other purposes.",Armed Forces and National Security
"To amend title 10, United States Code, to provide a period for the relocation of spouses and
			 dependents of certain members of the Armed Forces undergoing a permanent
			 change of station in order to ease and facilitate the relocation of
			 military families, and for other purposes.",Armed Forces and National Security
"To posthumously advance Lieutenant Colonel Richard E. Cole, United States Air Force, to colonel on
			 the retired list.",Armed Forces and National Security
"To amend title 37, United States Code, to ensure that
		  footwear furnished or obtained by allowance for enlisted members of the Armed
		  Forces upon their initial entry into the Armed Forces complies with domestic
		  source requirements. ",Armed Forces and National Security
"Designating March 29, 2018, as Vietnam Veterans Day.",Armed Forces and National Security
"To amend title 38, United States Code, to expand the

		  scope of programs of education for which accelerated payments of educational

		  assistance under the Montgomery GI Bill may be used, and for other purposes.

		  ",Armed Forces and National Security
"To amend title 38, United States Code, to
		  expand veteran eligibility for reimbursement by the Secretary of Veterans
		  Affairs for emergency treatment furnished in a non-Department facility, and for
		  other purposes.",Armed Forces and National Security
"To amend title 38, United States Code, to limit the
		  authority of the Secretary of Veterans Affairs to use bid savings on major
		  medical facility projects of the Department of Veterans Affairs to expand or
		  change the scope of a major medical facility project of the Department, and for
		  other purposes.",Armed Forces and National Security
"To amend title 38, United States Code, to prohibit
		  discrimination and acts of reprisal against persons who receive treatment for
		  illnesses, injuries, and disabilities incurred in or aggravated by service in
		  the uniformed services.",Armed Forces and National Security
"Congratulating Captain
			 Kristen Griest and First Lieutenant Shaye Haver on their graduation from
			 Ranger School.",Armed Forces and National Security
"To ensure that the one half of the National Guard forces

		  of each State are available to such State at all times, and for other

		  purposes.",Armed Forces and National Security
"To prohibit the use of funds for an exhibition or parade of
			 military forces and hardware for review by the President outside of
			 authorized military operations or
			 activities. ",Armed Forces and National Security
"To amend title 38, United States Code, to prohibit the
		  Secretary of Veterans Affairs from collecting certain debts owed to the United
		  States by members of the Armed Forces and veterans who die as a result of an
		  injury incurred or aggravated on active duty in a combat zone, and for other
		  purposes.",Armed Forces and National Security
"To expand eligibility for reimbursement for smoking cessation services to include copayments for
			 such services paid after fiscal year 2009 by covered beneficiaries under
			 the TRICARE program who are eligible for Medicare.",Armed Forces and National Security
"To grant the congressional gold medal, collectively, to
		  the First Special Service Force, in recognition of its superior service during
		  World War II.",Armed Forces and National Security
"Expressing the sense of the House of
		  Representatives that the Department of Veterans Affairs should not retreat from
		  its responsibility to support those veterans with combat wounds or
		  service-connected disabilities.",Armed Forces and National Security
"To amend title 10, United States Code, to provide that,
		  in the case of any member or former member of a reserve component of the Armed
		  Forces who is deployed to a combat theater due to an administrative error by
		  the Department of Defense, the member shall be given nonregular service
		  retirement credit equal to six times the length of the mistaken
		  deployment.",Armed Forces and National Security
"To amend title 38, United States Code, to expand the
		  definition of active duty for purposes of the Post-9/11 Educational Assistance
		  Program of the Department of Veterans Affairs to include certain service in the
		  National Guard.",Armed Forces and National Security
"Expressing the firm belief that disposing
		  of any part of the remains of a deceased member of the Armed Forces as medical
		  waste is repugnant, disrespectful and should not to be
		  tolerated.",Armed Forces and National Security
"To direct the Secretary of Veterans Affairs to conduct a pilot program on posttraumatic growth, and for other purposes.",Armed Forces and National Security
"To grant the Congressional Gold Medal, collectively, to
		  the First Special Service Force, in recognition of its superior service during
		  World War II.",Armed Forces and National Security
"To ensure that an individual who is transitioning from receiving medical treatment furnished by the
			 Secretary of Defense to medical treatment furnished by the Secretary of
			 Veterans Affairs receives the pharmaceutical agents required for such
			 transition.",Armed Forces and National Security
"To amend title 10, United States Code, to eliminate the
		  requirement that certain former members of the reserve components of the Armed
		  Forces be at least 60 years of age in order to be eligible to receive health
		  care benefits.",Armed Forces and National Security
"To establish the Department of Veterans Affairs Advisory Committee on Tribal and Indian Affairs,
			 and for other purposes.",Armed Forces and National Security
"Amend title 38, United States Code, to permit veterans to grant access to their records in the
			 databases of the Veterans Benefits Administration to certain designated
			 congressional employees, and for other purposes.",Armed Forces and National Security
"Honoring the sacrifice of members of the
		  Armed Forces who are also mothers and the support provided by mothers of
		  members of the Armed Forces and mothers who are the spouse of members of the
		  Armed Forces.",Armed Forces and National Security
"To direct the Secretary of Defense to set sustainability goals for the Department of Defense, and for other purposes.",Armed Forces and National Security
"To establish a grant program in the Department of Defense to increase the number of women, LGBT individuals, and underrepresented minorities in military and civilian leadership positions of the Department of Defense.",Armed Forces and National Security
"Expressing the sense of Congress that a
		  site in Arlington National Cemetery should be provided for a memorial marker to
		  honor the memory of the 14 members of the Army’s 24th Infantry Division who
		  have received the Medal of Honor.",Armed Forces and National Security
To prohibit the retention of incidentally acquired communications in the course of intelligence collection activities.,Armed Forces and National Security
"To amend title 38, United States Code, to prevent the
		  Secretary of Veterans Affairs from prohibiting the use of service dogs on
		  Department of Veterans Affairs property.",Armed Forces and National Security
"To require directors of medical centers of the Department of Veterans Affairs to submit annual fact sheets to the Secretary of Veterans Affairs on the status of such facilities, and for other purposes.",Armed Forces and National Security
"To amend title 38, United States Code, to reinstate
		  criminal penalties for persons charging veterans unauthorized
		  fees.",Armed Forces and National Security
"To amend title 38, United States Code, to exclude
		  individuals who have been convicted of committing certain sex offenses from
		  receiving certain burial-related benefits and funeral honors which are
		  otherwise available to certain veterans, members of the Armed Forces, and
		  related individuals, and for other purposes.",Armed Forces and National Security
"To amend title 10, United States Code, to ensure that women members of the Armed Forces and their
			 families have access to the contraception they need in order to promote
			 the health and readiness of all members of the Armed Forces, and for other
			 purposes.",Armed Forces and National Security
"To amend title 38, United States Code, to ensure
		  appropriate payment for the cost of long term care provided to veterans in
		  State veterans homes, and for other purposes.",Armed Forces and National Security
"To amend title 38, United States Code, to extend the
		  period of eligibility for health care for combat service in the Persian Gulf
		  War or future hostilities from two years to five years after discharge or
		  release. ",Armed Forces and National Security
"To require the Secretary of Veterans Affairs to improve the provision of services and benefits from
			 the Department of Veterans Affairs for veterans who experience domestic
			 violence or sexual assault, and for other purposes.",Armed Forces and National Security
"To direct the Secretary of Defense to establish the Center for Asymmetric Threat Research and Analytics to conduct research countering violent extremist organizations, weapons of mass destruction, and influence operations, and for other purposes.",Armed Forces and National Security
Expressing the sense of the House of Representatives that the President should disapprove of the report of the Defense Base Closure and Realignment Commission containing its recommendations for the closure and realignment of military installations in the United States unless the President is convinced that implementation of such recommendations will not adversely affect the homeland security of the United States.,Armed Forces and National Security
"To amend title 38, United States Code, to expand the availability of health care provided by the Secretary of Veterans Affairs by adjusting the income level for certain priority veterans.",Armed Forces and National Security
"To prohibit the transfer of individuals detained at
		  Guantanamo Bay, Cuba, to facilities in Midwestern States, and for other
		  purposes.",Armed Forces and National Security
"Remembering the December 6, 2019, terrorist attack at Naval Air Station Pensacola and commemorating those who lost their lives, and those who were injured, in the line of duty.",Armed Forces and National Security
"To amend the Department of Veterans Affairs Health Care Programs Enhancement Act of 2001 and title
			 38, United States Code, to require the provision of chiropractic care and
			 services to veterans at all Department of Veterans Affairs medical centers
			 and to expand access to such care and services, and for other purposes.",Armed Forces and National Security
"To amend title 38, United States Code, to provide for the treatment of period of service in uniformed services as continued employment for purposes of pension and retirement benefits for individuals who die during the period of service.",Armed Forces and National Security
"To direct the Secretary of Veterans Affairs to conduct outreach to veterans regarding the effect of
			 delayed payments of claims for emergency medical care furnished by
			 non-Department of Veterans Affairs medical providers by the Office of
			 Community Care and to direct the Secretary to submit to Congress an annual
			 report regarding such delayed payments.",Armed Forces and National Security
"To direct the Comptroller General of the United States and the Chief Information Officer of the
			 Department of Defense to assess the cloud security requirements of the
			 Department of Defense.",Armed Forces and National Security
"To improve the reproductive assistance provided by the Department of Defense and the Department of
			 Veterans Affairs to severely wounded, ill, or injured members of the Armed
			 Forces, veterans, and their spouses or partners, and for other purposes.",Armed Forces and National Security
"To amend title 36, United States Code, to designate May 1 as Silver Star Service Banner Day.",Armed Forces and National Security
"To amend title 38, United States Code, to make permanent the authority of the Secretary of Veterans Affairs to transport individuals to and from facilities of the Department of Veterans Affairs in connection with rehabilitation, counseling, examination, treatment, and care, and for other purposes.",Armed Forces and National Security
"Recognizing the commencement of the 9th
		  year of Operation Enduring Freedom and the sacrifice and contributions of
		  United States servicemembers and their families in support of Operation
		  Enduring Freedom.",Armed Forces and National Security
"To improve oversight of privatized military housing provided by the Department of Defense to
 members of the Armed Forces and their families, and for other purposes.",Armed Forces and National Security
"To authorize the Secretary of Veterans Affairs to make grants with minority serving institutions for the purpose of establishing verified delivery systems to address social and academic problems facing veterans enrolled at such institutions, and for other purposes.",Armed Forces and National Security
"To require the Secretary of Defense to enter into an
		  agreement with the Center for the Study of the Presidency to study reforms of
		  the national security interagency system.",Armed Forces and National Security
"To authorize appropriations for the construction of
		  vessels for the Navy and to authorize appropriations for loan guarantees for
		  commercial vessels.",Armed Forces and National Security
"To require the Secretary of Labor to award grants to eligible entities for the provision of transition assistance to members and former members of the Armed Forces who are separated, retired, or discharged from the Armed Forces, and spouses of such members, and for other purposes.",Armed Forces and National Security
"Commemorating and honoring the service and
		  sacrifice of members of the United States Armed Forces and their families as
		  the official combat mission in Iraq draws to a close. ",Armed Forces and National Security
"To establish a Department of Homeland Security counterintelligence vetting task force, and for
			 other purposes.",Armed Forces and National Security
To amend the Honoring the Families of Fallen Soldiers Act to provide a permanent appropriation of funds for the payment of death gratuities and related benefits for survivors of deceased military service members in event of any future period of lapsed appropriations.,Armed Forces and National Security
Recognizing the increased risk of sleep apnea among soldiers returning from active duty and the benefits of continuous positive airway pressure (CPAP) therapy on treating obstructive sleep apnea (OSA) in soldiers suffering from Posttraumatic Stress Disorder (PTSD).,Armed Forces and National Security
"Relating to the death of Frank W. Buckles,
		  the longest surviving United States veteran of the First World
		  War.",Armed Forces and National Security
"To designate the community based outpatient clinic of the Department of Veterans Affairs located at 1961 Premier Drive in Mankato, Minnesota, as the Lyle C. Pearson Community Based Outpatient Clinic.",Armed Forces and National Security
"To amend title 38, United States Code, to furnish readjustment counseling and related mental health services to family members of members of the Armed Forces or veterans who died by suicide, and other purposes.",Armed Forces and National Security
"To amend title 38, United States Code, to direct the Secretary of Veterans Affairs to maintain demographic information regarding veterans and publish such information on a website of the Department of Veterans Affairs.",Armed Forces and National Security
"To require the President to transmit to Congress a plan
		  with timeframe and completion date and reports with status updates on the
		  transition of United States military and security operations in Afghanistan to
		  the Government of Afghanistan.",Armed Forces and National Security
"Expressing support for designation of
		  2012–2013 as the Year of the Korean War Veteran and recognizing
		  the 60th anniversary of the Korean War.",Armed Forces and National Security
"To amend title 38, United States Code, to expand health care and benefits from the Department of
			 Veterans Affairs for military sexual trauma, and for other purposes.",Armed Forces and National Security
"To direct the Secretary of Veterans Affairs
		  to display in each facility of the Department of Veterans Affairs a Women
		  Veterans Bill of Rights and to display in each prosthetics and orthotics clinic
		  of the Department an Injured and Amputee Veterans Bill of Rights, and for other
		  purposes.",Armed Forces and National Security
To clarify the health care provided by the Secretary of Veterans Affairs that constitutes minimum essential coverage.,Armed Forces and National Security
"To amend title 10, United States Code, to ensure that women members of the Armed Forces and their
			 families have access to the contraception they need in order to promote
			 the health and readiness of all members of the Armed Forces, and for other
			 purposes.",Armed Forces and National Security
"To amend title 38, United States Code, to provide for the payment of dependency and indemnity compensation to the survivors of former prisoners of war who died on or before September 30, 1999, under the same eligibility conditions as apply to payment of dependency and indemnity compensation to the survivors of former prisoners of war who die after that date.",Armed Forces and National Security
"To direct the Secretary of Defense to review the discharge characterization of former members of
			 the Armed Forces who were discharged by reason of the sexual orientation
			 of the member, and for other purposes.",Armed Forces and National Security
"To direct the Secretary of Veterans Affairs to carry out a demonstration program to expand the
			 availability of telemedicine services for veterans living in rural areas
			 with certain mental health disorders, and for other purposes.",Armed Forces and National Security
"To delay any presumption of death in connection with the
		  kidnapping in Iraq or Afghanistan of a retired member of the Armed Forces to
		  ensure the continued payment of the member’s retired pay.",Armed Forces and National Security
"To amend title 38, United States Code, to allow certain
		  veterans to use educational assistance provided by the Department of Veterans
		  Affairs for franchise training, and for other purposes.",Armed Forces and National Security
"To improve the ability of veterans with medical training to assist the United States in response to national emergencies, and for other purposes.",Armed Forces and National Security
"To amend title 38, United States Code, to expand the qualifications for licensed mental health counselors of the Department of Veterans Affairs.",Armed Forces and National Security
"Expressing support for the designation of May 1, 2019, as Silver Star Service Banner Day.",Armed Forces and National Security
"To amend title 10, United States Code, to establish in the Department of Defense an Office of the Victim Advocate, to prescribe the functions of that office, and for other purposes.",Armed Forces and National Security
"To amend title 38, United States Code, to extend certain expiring provisions of law administered by
 the Secretary of Veterans Affairs, and for other purposes.",Armed Forces and National Security
"To amend title 38, United States Code, to improve the furnishing of health care to veterans by the Department of Veterans Affairs, to improve the processing by the Department of claims for disability compensation, and for other purposes.",Armed Forces and National Security
"To reform Article 32 of the Uniform Code of Military Justice to specify the burden of proof applicable at the investigative hearing, the required qualifications for the investigating officer, the permitted scope of the investigation to assist the convening authority, and the protection of witnesses, and for other purposes.",Armed Forces and National Security
To direct the Inspector General of the Department of Defense and the Comptroller General of the United States to submit to Congress reports regarding White supremacy in the Armed Forces.,Armed Forces and National Security
"To amend section 1154 of title 38, United States Code, to
		  clarify the additional requirements for consideration to be afforded time,
		  place, and circumstances of service in determinations regarding
		  service-connected disabilities.",Armed Forces and National Security
"To authorize the award of the Medal of Honor to First
		  Lieutenant Alonzo H. Cushing for acts of valor during the Civil
		  War.",Armed Forces and National Security
"To name the Department of Veterans Affairs
		  medical center in Spokane, Washington, as the Mann-Grandstaff Department
		  of Veterans Affairs Medical Center.",Armed Forces and National Security
"To amend title 38, United States Code, to
		  increase assistance for disabled veterans who are temporarily residing in
		  housing owned by a family member, and for other purposes.",Armed Forces and National Security
"To designate the National Museum of the Mighty Eighth Air Force in Pooler, Georgia, as the official National Museum of the Mighty Eighth Air Force in the United States, and for other purposes.",Armed Forces and National Security
"To amend title 38, United States Code, to enhance treatment of certain small business concerns for
			 purposes of Department of Veterans Affairs contracting goals and
			 preferences, and for other purposes.",Armed Forces and National Security
"To amend title 38, United States Code, to improve the ability of veterans to receive in-state
			 tuition using educational assistance administered by the Secretary of
			 Veterans Affairs.",Armed Forces and National Security
To prohibit the United States Armed Forces from promoting anti-American and racist theories. ,Armed Forces and National Security
"To amend title 38, United States Code, to improve health care and services for veterans exposed to toxic substances, and for other purposes.",Armed Forces and National Security
"To direct the Comptroller General of the United States to submit a report on changes in the use of the beneficiary travel program of the Department of Veterans Affairs during COVID–19, and for other purposes.",Armed Forces and National Security
"To extend the date for the submittal of the final report of the National Commission on Terrorist Attacks on the United States, to provide additional funding for the Commission, and for other purposes.",Armed Forces and National Security
"To amend title 10, United States Code, to provide for eating disorders treatment for members of the Armed Forces and certain dependents of members and former members of the uniformed services, and for other purposes.",Armed Forces and National Security
"To amend title 32, United States Code, to provide members
		  of the National Guard additional time to transition to civilian life when they
		  return from active duty in support of contingency operations or homeland
		  defense missions.",Armed Forces and National Security
"Resolution Commending the City of Jacksonville, Arkansas, for its outstanding support in creating a unique and lasting partnership with Little Rock Air Force Base, members of the Armed Forces stationed there, and their families.",Armed Forces and National Security
"To amend title 38, United States Code, to
		  improve educational assistance for veterans who served in the Armed Forces
		  after September 11, 2001, and for other purposes.",Armed Forces and National Security
"To direct the Secretary of Veterans Affairs to submit to Congress annual reports on beneficiary
			 travel, and for other purposes.",Armed Forces and National Security
"To suspend the authority for the Western Hemisphere
		  Institute for Security Cooperation (the successor institution to the United
		  States Army School of the Americas) in the Department of Defense, and for other
		  purposes.",Armed Forces and National Security
"To enhance protections of civilians during United States military operations, and for other purposes.",Armed Forces and National Security
"To amend title 38, United States Code, to provide for the circumstances under which the Secretary
			 of Veterans Affairs shall provide reimbursement for emergency ambulance
			 services.",Armed Forces and National Security
"To amend title 10, United States Code, to require
		  emergency contraception to be available at all military health care treatment
		  facilities.",Armed Forces and National Security
"Expressing support for the designation of October 23, 2021, as a national day of remembrance of the tragic 1983 terrorist bombing of the United States Marine Corps barracks in Beirut, Lebanon.",Armed Forces and National Security
"To amend title 38, United States Code, to improve the VA Work-Study program.",Armed Forces and National Security
To require the commanding general of the District of Columbia National Guard to reside in the District of Columbia.,Armed Forces and National Security
"To require the Secretary of Defense to seek to enter into an agreement with the National Academies of Sciences, Engineering, and Medicine to study and report on the incidence of cancer diagnosis and mortality among pilots in the uniformed services, and for other purposes.",Armed Forces and National Security
"To amend title 38, United States Code, to remove certain
		  limitations on attorney representation of claimants for veterans benefits in
		  administrative proceedings before the Department of Veterans Affairs, and for
		  other purposes.",Armed Forces and National Security
To state the policy of the United States on the minimum number of available battle force ships.,Armed Forces and National Security
"To amend title 38, United States Code, to prohibit smoking on the premises of any facility of the Veterans Health Administration, and for other purposes.",Armed Forces and National Security
"To amend title 38, United States Code, to improve service disabled veterans’ insurance.",Armed Forces and National Security
To make technical corrections to the Pay Our Military Act to include midshipmen at the United States Merchant Marine Academy who are appointed as midshipmen in the Navy Reserve. ,Armed Forces and National Security
"To direct the Secretary of Veterans Affairs to establish a registry of certain veterans who were
			 stationed at Fort McClellan, Alabama, and for other purposes.",Armed Forces and National Security
"To amend title 38, United States Code, to consider certain time spent by members of reserve
			 components of the Armed Forces while receiving medical care from the
			 Secretary of Defense as active duty for purposes of eligibility for
			 Post-9/11 Educational Assistance, and for other purposes.",Armed Forces and National Security
To amend the Communities Helping Invest through Property and Improvements Needed for Veterans Act of 2016 to extend the pilot program authorized by such Act.,Armed Forces and National Security
"To amend the Servicemembers Civil Relief Act to
		  permanently extend the period of protections for servicemembers against
		  mortgage foreclosures, and for other purposes.",Armed Forces and National Security
"To study the needs of Wounded Women
		  Warriors.",Armed Forces and National Security
"To require the Secretary of Veterans Affairs to make certain improvements relating to the transmission of disability benefits questionnaire data to the Department of Veterans Affairs, and for other purposes.",Armed Forces and National Security
"To increase, effective as of December 1, 2012, the rates of compensation for veterans with service-connected disabilities and the rates of dependency and indemnity compensation for the survivors of certain disabled veterans, and for other purposes.",Armed Forces and National Security
"To amend title 38, United States Code, to require that educational institutions abide by certain
			 principles as a condition of approval for purposes of the educational
			 assistance programs of the Department of Veterans Affairs, and for other
			 purposes.",Armed Forces and National Security
"To award a Congressional gold medal to the 5307th Composite Unit (Provisional), commonly known as Merrill’s Marauders, in recognition of their bravery and outstanding service in the jungles of Burma during World War
			 II.",Armed Forces and National Security
Honoring the 100th anniversary of Disabled American Veterans.,Armed Forces and National Security
"Expressing the sense of the Senate that the United States should leave no member of the Armed
			 Forces unaccounted for during the drawdown of forces in Afghanistan.",Armed Forces and National Security
"Expressing support for the goals of
		  Veterans Educate Today’s Students (VETS) Day, and for other
		  purposes.",Armed Forces and National Security
"Expressing support for designation of a
		  Welcome Home Vietnam Veterans Day.",Armed Forces and National Security
Expressing support for designation of a Welcome Home Vietnam Veterans Day.,Armed Forces and National Security
"To improve the provision of financial literacy training and information relating to the Blended Retirement System to members of the Armed Forces, and for other purposes.",Armed Forces and National Security
"To amend title 38, United States Code, to make an individual who is eligible for educational
			 assistance under chapter 33 of such title, transfers such educational
			 assistance to a dependent, and fails to complete a service agreement,
			 solely liable for any overpayment of such educational assistance.",Armed Forces and National Security
"To amend title 38, United States Code, to provide for unlimited eligibility for health care for mental illnesses for veterans of combat service during certain periods of hostilities and war.",Armed Forces and National Security
Honoring the faithful and unwavering service of Civil Air Transport and Air America to the United States.,Armed Forces and National Security
"To amend title 38, United States Code, to provide for a presumption of service connection for certain diseases associated with exposure to toxins, and for other purposes.",Armed Forces and National Security
"To amend title 38, United States Code, to direct the Secretary of Veterans Affairs to provide technical assistance to recipients of grants for supportive services for very low-income families in permanent housing and comprehensive service programs, and for other purposes.",Armed Forces and National Security
"To authorize an electronic health record modernization program of the Department of Veterans Affairs and increase oversight and accountability of the program to better serve veterans, medical professionals of the Department, and taxpayers, and for other purposes.",Armed Forces and National Security
"To authorize the President to award the Purple Heart to Louis Boria, Jr., for injuries incurred during World War II and the Korean War while a member of the Marine Corps.",Armed Forces and National Security
"To amend title 10, United States Code, to extend certain morale, welfare, and recreation privileges to certain veterans and their caregivers, to authorize the appropriation of funds for the purpose of improving the electronic physical access control system used by military commissaries and exchanges, and for other purposes.",Armed Forces and National Security
"To award a Congressional Gold Medal to the female telephone operators of the Army Signal Corps, known as the Hello Girls.",Armed Forces and National Security
"To direct the Secretary of Veterans Affairs to carry out a pilot program to improve the access to
			 private health care for veterans who are survivors of military sexual
			 trauma.",Armed Forces and National Security
"To amend title 38, United States Code, to deem certain
		  service in the organized military forces of the Government of the Commonwealth
		  of the Philippines and the Philippine Scouts to have been active service for
		  purposes of benefits under programs administered by the Secretary of Veterans
		  Affairs.",Armed Forces and National Security
"To amend title 38, United States Code, to provide for the payment of stipends to veterans who pursue doctoral degrees in science or technology.",Armed Forces and National Security
Expressing the sense of the House of Representatives that not fully resourcing the United States Army in a timely manner erodes the Army’s ability to maintain readiness and poses risk to the Army’s ability to conduct military operations.,Armed Forces and National Security
To reform the disposition of charges and convening of courts-martial for certain offenses under the Uniform Code of Military Justice and increase the prevention of sexual assaults and other crimes in the military.,Armed Forces and National Security
"To amend title 38, United States Code, to authorize the Secretary of Veterans Affairs to provide
			 certain veterans with nonarticulating trailers in furnishing adaptive
			 equipment to veterans.",Armed Forces and National Security
"To amend title 38, United States Code, to provide for the establishment of epilepsy centers of excellence in the Veterans Health Administration of the Department of Veterans Affairs.",Armed Forces and National Security
"To require a program to improve the
		  provision of caregiver assistance services for veterans.",Armed Forces and National Security
"To direct the Secretary of Veterans Affairs to conduct a review of the deaths of certain veterans
			 who died by suicide, and for other purposes.",Armed Forces and National Security
"To amend title 38, United States Code, to authorize the Secretary of Veterans Affairs to enter into partnerships with public and private entities to provide legal services to homeless veterans and veterans at risk of homelessness.",Armed Forces and National Security
"To direct the Director of National Intelligence to submit to State election officials and Congress
			 annual reports on pre-election threats for general elections for Federal
			 office.",Armed Forces and National Security
"To amend title 38, United States Code, to provide for the
		  use of entitlement under Post-9/11 Educational Assistance for the pursuit of
		  apprenticeships and on-job training, and for other purposes.",Armed Forces and National Security
"To amend title 38, United States Code, to expand the membership of the Advisory Committee on Minority Veterans to include veterans who are lesbian, gay, bisexual, transgender, or queer.",Armed Forces and National Security
"To prohibit the use of funds to transfer individuals detained at Naval Station, Guantanamo Bay, Cuba, to facilities in North Carolina or to house such individuals at such facilities.",Armed Forces and National Security
"To direct the Secretary of Defense to establish a National Security Innovation Network, and for other purposes.",Armed Forces and National Security
"To provide sufficient resources to permit electronic
		  surveillance of United States persons for foreign intelligence purposes to be
		  conducted pursuant to individualized court-issued orders for calls originating
		  in the United States, to provide additional resources to enhance oversight and
		  streamline the procedures of the Foreign Intelligence Surveillance Act of 1978,
		  to ensure review of the Terrorist Surveillance Program by the United States
		  Supreme Court, and for other purposes.",Armed Forces and National Security
"To amend title 10, United States Code, to direct the Secretary concerned to pursue a claim against an entity hired by the Secretary concerned to return the personal effects of a deceased member of the Armed Forces to the next of kin.",Armed Forces and National Security
"To amend section 1034 of the National Defense Authorization Act for Fiscal Year 2016 to strengthen
			 the certification requirements relating to the transfer or release of
			 detainees at
			 United States Naval Station, Guantanamo Bay, Cuba.",Armed Forces and National Security
"To amend title 10, United States Code, to protect the
		  rights of conscience of members of the Armed Forces and chaplains of members of
		  the Armed Forces, and for other purposes.",Armed Forces and National Security
"To amend title 38, United States Code, to establish a presumption of service connection for mental
			 health conditions related to military sexual trauma.",Armed Forces and National Security
"To amend title 38, United States Code, to clarify the eligibility of children of Vietnam veterans born with spina bifida for benefits of the Department of Veterans Affairs.",Armed Forces and National Security
"To award a Congressional Gold Medal, collectively, to the United States Army Rangers Veterans of World War II in recognition of their extraordinary service during World War II. ",Armed Forces and National Security
"To direct the Secretary of Veterans Affairs to conduct
		  cost-benefit analyses for the provision of medical care by the Department of
		  Veterans Affairs in certain geographic areas served by multiple Department of
		  Veterans Affairs medical facilities.",Armed Forces and National Security
"To amend title 10, United States Code, to modify the
		  per-fiscal year calculation of days of certain active duty or active service
		  used to reduce the minimum age at which a member of a reserve component of the
		  uniformed services may retire for non-regular service.",Armed Forces and National Security
"Honoring Americans who served as volunteers
		  for the United States Office of Civilian Defense during World War
		  II.",Armed Forces and National Security
"To amend title 38, United States Code, to exempt transfers of funds from Federal agencies to the
			 Department of Veterans Affairs for nonprofit corporations established
			 under subchapter IV of chapter 73 of such title from certain provisions of
			 the Economy Act, and for other purposes.",Armed Forces and National Security
"Designating October 30, 2013, as a national
		  day of remembrance for nuclear weapons program workers.",Armed Forces and National Security
"To require a report on procurement supply chain vulnerabilities within the Department of 
Defense.
",Armed Forces and National Security
To amend the National Security Act of 1947 to provide for additional requirements relating to the regular attendees of meetings of the National Security Council and bodies thereof.,Armed Forces and National Security
"To increase, effective as of December 1, 2015, the rates of compensation for veterans with
			 service-connected disabilities and the rates of dependency and indemnity
			 compensation for the survivors of certain disabled veterans, to amend
			 title 38, United States Code, to improve the United States Court of
			 Appeals for Veterans Claims, to improve the processing of claims by the
			 Secretary of Veterans Affairs, and for other purposes.",Armed Forces and National Security
"To require the Secretary of Veterans Affairs to revoke bonuses paid to employees involved in
			 electronic wait list manipulations, and for other purposes.",Armed Forces and National Security
"To amend title 10, United States Code, to extend whistleblower protections to a member of the Armed Forces who alerts Department of Defense investigation or law enforcement organizations, a person or organization in the member’s chain of command, and certain other persons or entities about the potentially dangerous ideologically based threats or actions of another member against United States interests or security.",Armed Forces and National Security
"To amend title 38, United States Code, to modify the definition of spouse and surviving spouse to include all individuals lawfully married, and for other purposes.",Armed Forces and National Security
"To amend title 38, United States Code, to establish a counseling program for certain survivor of veterans deceased as the result of suicide.",Armed Forces and National Security
"To require reports submitted to Congress under the Foreign Intelligence Surveillance Act of 1978 to
			 also be submitted to the Privacy and Civil Liberties Oversight Board.",Armed Forces and National Security
"To amend title 38, United States Code, to improve the method by which the Secretary of Veterans Affairs determines the effects of a closure or disapproval of an educational institution on individuals who do not transfer credits from such institution.",Armed Forces and National Security
"Commending the United States Army for its
		  achievements in and commitment to environmental sustainability and energy
		  security.",Armed Forces and National Security
"To amend title 38, United States Code, to clarify presumptions of service-connection relating to
			 the exposure to herbicides of certain veterans who served in the Armed
			 Forces during the Vietnam Era, and for other purposes.",Armed Forces and National Security
"To amend title 10, United States Code, to provide for the
		  payment of monthly annuities under the Survivor Benefit Plan to a supplemental
		  or special needs trust established for the sole benefit of a disabled dependent
		  child of a participant in the Survivor Benefit Plan.",Armed Forces and National Security
"To provide for increased funding for veterans health care for fiscal year 2009 by transferring funds from the Legal Services Corporation and certain title X family planning funds, and for other purposes.",Armed Forces and National Security
"To amend title 38, United States Code, to modify
		  authorities relating to the collective bargaining of employees in the Veterans
		  Health Administration.",Armed Forces and National Security
Recognizing the United States Air Force and Dyess Air Force Base for their success in achieving energy savings and developing energy-saving innovations during Energy Awareness Month.,Armed Forces and National Security
Directing the Secretary of the Senate to make a correction in the enrollment of the bill S. 2372.,Armed Forces and National Security
"To permit periodic public reporting by electronic communications providers and remote computer
			 service providers of certain estimates pertaining to requests or demands
			 by Federal agencies under the provisions of certain surveillance laws
			 where disclosure of such estimates is, or may be, otherwise prohibited by
			 law.",Armed Forces and National Security
"To recognize and honor the service of individuals who served in the United States Cadet Nurse Corps
			 during World War II, and for other purposes.",Armed Forces and National Security
"To amend title 38, United States Code, to enhance and
		  improve insurance, housing, labor and education, and other benefits for
		  veterans, and for other purposes. ",Armed Forces and National Security
"To amend title 10, United States Code, to permit veterans
		  who have a service-connected, permanent disability rated as total to travel on
		  military aircraft in the same manner and to the same extent as retired members
		  of the Armed Forces entitled to such travel.",Armed Forces and National Security
"To amend title 38, United States Code, to extend certain burial benefits administered by the Secretary of Veterans Affairs.",Armed Forces and National Security
"To award the Congressional Gold Medal, collectively, to the members of the Office of Strategic
			 Services (OSS) in recognition of their superior service and major
			 contributions during World War II.",Armed Forces and National Security
"To amend title 38, United States Code, to reduce the
		  period of time for which a veteran must be totally disabled before the
		  veteran’s survivors are eligible for the benefits provided by the Secretary of
		  Veterans Affairs for survivors of certain veterans rated totally disabled at
		  time of death.",Armed Forces and National Security
To direct the Secretary of Veterans Affairs to improve the Veterans Crisis Line.,Armed Forces and National Security
To establish the Medicare Eligible Military Retiree Health Care Consensus Task Force.,Armed Forces and National Security
"To amend title 37, United States Code, to extend eligibility for hazardous duty pay to members of the uniformed services exposed to the cause of a declared public health emergency.",Armed Forces and National Security
"Honoring the Wings Over Houston Airshow for
		  advancing the appreciation and understanding of the United States Armed Forces,
		  the City of Houston, Texas, and Ellington Field.",Armed Forces and National Security
"To provide for the award of medals or other commendations to handlers of military working dogs and
			 military working dogs, and for other purposes.",Armed Forces and National Security
"To amend title 38, United States Code, to eliminate the period of eligibility for the Vocational
			 Rehabilitation and Employment program of the Department of Veterans
			 Affairs.",Armed Forces and National Security
"To amend the Homeowners Assistance Program of the
		  Department of Defense to eliminate the discretion of the Secretary of Defense
		  to set an earlier termination date for the eligibility of a member of the Armed
		  Forces for homeowner assistance when the member is permanently reassigned by
		  order of the United States Government to a duty station or home port outside a
		  50-mile radius of the member’s base or installation of
		  residence.",Armed Forces and National Security
"To amend title 38, United States Code, to improve the ability of health care professionals to treat
			 veterans via telemedicine.",Armed Forces and National Security
"To improve oversight and evaluation of the mental health and suicide prevention media outreach
			 campaigns of the Department of Veterans Affairs, and for other purposes.",Armed Forces and National Security
"To amend title 38, United States Code, to extend the period in which members of the uniformed
			 services may transfer entitlement to educational assistance under
			 Post-9/11 Educational Assistance Program, and for other purposes.",Armed Forces and National Security
"To require the Director of the Defense Logistics Agency to establish a system for States and localities to access covered items during a covered emergency, to ensure that the Director of the Defense Logistics Agency is the head of the COVID–19 Joint Acquisition Task Force, and for other purposes.",Armed Forces and National Security
"To authorize appropriations for fiscal year
		  2010 for intelligence and intelligence-related activities of the United States
		  Government, the Community Management Account, and the Central Intelligence
		  Agency Retirement and Disability System, and for other
		  purposes.",Armed Forces and National Security
"To amend title 38, United States Code, to expand the
		  scope of programs of education for which accelerated payments of educational
		  assistance under the Montgomery GI Bill may be used, and for other
		  purposes.",Armed Forces and National Security
"To protect individuals who are eligible for increased pension under laws administered by the
			 Secretary of Veterans Affairs on the basis of need of regular aid and
			 attendance from dishonest, predatory, or otherwise unlawful practices, and
			 for other purposes.",Armed Forces and National Security
"To amend title 38, United States Code, to make permanent certain programs that assist homeless veterans and other veterans with special needs, and for other purposes.",Armed Forces and National Security
"To amend title 38, United States Code, to direct the
		  Secretary of Veterans Affairs to take into account each child a veteran has
		  when determining the veteran’s financial status when receiving hospital care or
		  medical services.",Armed Forces and National Security
"To amend title 38, United States Code, to provide for the entitlement to educational assistance
			 under the Post-9/11 Educational Assistance Program of the Department of
			 Veterans Affairs for members of the Armed Forces awarded the Purple Heart.",Armed Forces and National Security
"To amend the Servicemembers Civil Relief Act to improve
		  the protections for servicemembers, surviving spouses, and disabled veterans
		  against mortgage foreclosures, and for other purposes.",Armed Forces and National Security
"Designating June 10, 2023, as Veterans Get Outside Day. ",Armed Forces and National Security
"Making appropriations for military construction, the Department of Veterans Affairs, and related agencies for the fiscal year ending September 30, 2009, and for other purposes.",Armed Forces and National Security
"To prohibit the indefinite detention of United States citizens and lawful resident aliens, and for
			 other purposes.",Armed Forces and National Security
"To amend title 38, United States Code, to require the Secretary of Veterans Affairs to provide child care assistance to veterans receiving certain training or vocational rehabilitation, and for other purposes.",Armed Forces and National Security
"To authorize the Secretary of Labor to award special recognition to employers for veteran-friendly
			 employment practices.",Armed Forces and National Security
"To amend title 10, United States Code, to modify semiannual briefings on the consolidated
			 corrective action plan of the Department of Defense for financial
 management information.",Armed Forces and National Security
"To amend title 38, United States Code, to improve the ability of veterans to electronically submit complaints about the delivery of health care services by the Department of Veterans Affairs.",Armed Forces and National Security
"Declaring June 6 a national day of prayer
		  and rededication for the men and women of the United States Armed Forces and
		  their mission.",Armed Forces and National Security
"To direct the Secretary of Defense and the Secretary of
		  Veterans Affairs to jointly conduct a study on the incidence of breast cancer
		  among members of the Armed Forces and veterans.",Armed Forces and National Security
"To amend title 38, United States Code, to modify the limitation on reimbursement for emergency treatment of amounts owed to a third party or for which the veteran is responsible under a health-plan contract.",Armed Forces and National Security
"To exempt from payment of individual contributions under
		  the Montgomery GI Bill enlisted members of the Armed Forces in pay grade E–5 or
		  below and to provide an opportunity for members of the Armed Forces serving on
		  active duty to withdraw an election not to enroll in education benefits under
		  the Montgomery GI Bill.",Armed Forces and National Security
"To amend title 10, United States Code, to authorize payment of expenses for a stopover of the remains of decedents covered by section 1481 of such title en route to the final destination.",Armed Forces and National Security
"To amend title 38, United States Code, to improve the appeals process of the Department of Veterans Affairs.",Armed Forces and National Security
"To amend titles 10 and 37, United States Code, to provide compensation and credit for retired pay
			 purposes for maternity leave taken by members of the reserve components,
 and for other purposes.",Armed Forces and National Security
"To require the Secretary of Veterans Affairs to enter into a contract or other agreement with a
			 third party to review appointees in the Veterans Health Administration who
			 had a license terminated for cause by a State licensing board for care or
			 services rendered at a non-Veterans Health Administration facility and to
			 provide individuals treated by such an appointee with notice if it is
			 determined that an episode of care or services to which they received was
 below the standard of care, and for other purposes.",Armed Forces and National Security
"Designating August 16, 2018, as National Airborne Day. ",Armed Forces and National Security
"Expressing the sense of Congress that a grateful Nation honors and salutes Sons and Daughters in
			 Touch on its 25th anniversary that is being celebrated on Father’s Day,
			 2015, at the Vietnam Veterans Memorial in Washington, the District of
			 Columbia.",Armed Forces and National Security
"To amend title 10, United States Code, to enhance the readiness of the Armed Forces by replacing the current policy concerning homosexuality in the Armed Forces, referred to as Don’t Ask, Don’t Tell, with a policy of nondiscrimination on the basis of sexual orientation.",Armed Forces and National Security
Recognizing the National Geospatial-Intelligence Agency on its 20th anniversary.,Armed Forces and National Security
"To amend title 10, United States Code, to authorize the Secretary of Defense to transfer certain
			 property of the Department of Defense to State and Federal agencies for
			 purposes of disaster-related emergency preparedness, and for other
			 purposes.",Armed Forces and National Security
"To require mental health screenings for members of the
		  Armed Forces who are deployed in connection with a contingency operation, and
		  for other purposes.",Armed Forces and National Security
"To amend title 38, United States Code, to improve the rate of payments provided by the Secretary of Veterans Affairs for beneficiary travel.",Armed Forces and National Security
"To amend title 38, United States Code, to provide for the circumstances under which the Secretary
			 of Veterans Affairs shall provide reimbursement for emergency ambulance
			 services.",Armed Forces and National Security
"To direct the Secretary of Veterans Affairs to improve
		  the prevention, diagnosis, and treatment of veterans with chronic obstructive
		  pulmonary disease.",Armed Forces and National Security
Commemorating the 100th anniversary of the United States Army Reserve Officers’ Training Corps.,Armed Forces and National Security
"To recognize the exemplary service of the National Guard in Iraq and to direct the President to begin the redeployment of United States military forces from Iraq, starting with National Guard units.",Armed Forces and National Security
"To amend title 38, United States Code, to ensure that
		  veterans in each of the 48 contiguous States are able to receive services in at
		  least one full-service Department of Veterans Affairs medical center in the
		  State or receive comparable services provided by contract in the State, and for
		  other purposes.",Armed Forces and National Security
"To amend title 38, United States Code, to include
		  federally recognized tribal organizations in certain grant programs of the
		  Department of Veterans Affairs for the several States and territories, and for
		  other purposes.",Armed Forces and National Security
"To amend title 38, United States Code, to strengthen benefits for children of Vietnam veterans born with spina bifida, and for other purposes. ",Armed Forces and National Security
"To revitalize Army arsenals, and for other purposes.",Armed Forces and National Security
"Commemorating the 75th Anniversary of Air
		  Force Weather.",Armed Forces and National Security
"Designating August 1, 2023, as Gold Star Children's Day.",Armed Forces and National Security
"To amend title 38, United States Code, to authorize the Secretary of Veterans Affairs, in awarding
			 a contract for the procurement of goods or services, to give a preference
			 to offerors that employ veterans.",Armed Forces and National Security
To recognize the right of members of the Armed Forces assigned to duty at Armed Forces recruitment offices to carry a personal or service-issue firearm at the office.,Armed Forces and National Security
"To amend title 38, United States Code, to extend increased dependency and indemnity compensation
			 paid to surviving spouses of veterans who die from amyotrophic lateral
			 sclerosis, regardless of how long the veterans had such disease prior to
			 death.",Armed Forces and National Security
"To amend title 38, United States Code, to authorize the Secretary of Veterans Affairs to provide
			 for an operation on a live donor for purposes of conducting a transplant
			 procedure for a veteran, and for other purposes.",Armed Forces and National Security
"Designating the month of June 2015 as National Post-Traumatic Stress Disorder Awareness Month and June 27, 2015, as National Post-Traumatic Stress Disorder Awareness Day.",Armed Forces and National Security
"To amend title 10, United States Code, to ensure that members of the Armed Forces and their families have access to the contraception they need in order to promote the health and readiness of all members of the Armed Forces, and for other purposes.",Armed Forces and National Security
"To amend title 10, United States Code, to provide for the inclusion of homeschooled students in
			 Junior Reserve Officer's Training  Corps units.",Armed Forces and National Security
"To amend title 37, United States Code, to establish a basic needs allowance for low-income regular
			 members of the Army, Navy, Marine Corps, and Air Force.",Armed Forces and National Security
"To amend title 37, United States Code, to provide for the continuance of pay and allowances for
			 members of the Armed Forces, including reserve components thereof, during
			 lapses in appropriations.",Armed Forces and National Security
"Approving the location of a memorial to commemorate and honor the members of the Armed Forces who
			 served on active duty in support of Operation Desert Storm or Operation
 Desert Shield.",Armed Forces and National Security
To direct the Secretary of Defense to submit to Congress a report on threats to the United States Armed Forces from the Russian Federation.,Armed Forces and National Security
"To extend eligibility for hospital care, medical services, and nursing home and domiciliary care
			 for certain veterans who served in a theater of combat operations.",Armed Forces and National Security
"To rename the Captain William Wylie Galt Great Falls Armed Forces Readiness Center in honor of
			 Captain John E. Moran, a recipient of the Medal of Honor.",Armed Forces and National Security
"To amend title 10, United States Code, to increase loan repayment limits for health professionals serving in the Armed Forces.",Armed Forces and National Security
"To amend the Homeowners Assistance Program of the
		  Department of Defense to give the Secretary of Defense flexibility regarding
		  setting the commencement date for homeowner assistance for members of the Armed
		  Forces permanently reassigned during the mortgage crisis.",Armed Forces and National Security
Honoring the veterans of Helicopter Attack Light Squadron Three and their families.,Armed Forces and National Security
"To amend title 10, United States Code, to include service
		  after September 11, 2001, as service qualifying for the determination of a
		  reduced eligibility age for receipt of non-regular service retired
		  pay.",Armed Forces and National Security
"To improve the provision of health care by the Department of Veterans Affairs, and for other purposes.",Armed Forces and National Security
"To amend section 1922A of title 38, United

		  States Code, to increase the amount of supplemental insurance available for

		  totally disabled veterans.",Armed Forces and National Security
"To amend title 38, United States Code, to direct the
		  Secretary of Veterans Affairs to submit to Congress a Future-Years Veterans
		  Program and a quadrennial veterans review, to establish in the Department of
		  Veterans Affairs a Chief Strategy Officer, and for other
		  purposes.",Armed Forces and National Security
"To award a Congressional gold medal to the 5307th Composite Unit (Provisional), commonly known as Merrill’s Marauders, in recognition of their bravery and outstanding service in the jungles of Burma during World War
			 II.",Armed Forces and National Security
To authorize the President to award the Medal of Honor to Doris Miller posthumously for acts of valor while a member of the Navy during World War II.,Armed Forces and National Security
To improve security at Armed Forces recruitment centers.,Armed Forces and National Security
"To amend title 38, United States Code, to establish the Veterans Choice Program of the Department
			 of Veterans Affairs to improve health care provided to veterans by the
			 Department, and for other purposes.",Armed Forces and National Security
"To amend title 38, United States Code, to improve the benefits and services provided by the
			 Department of Veterans Affairs to women veterans, and for other purposes.",Armed Forces and National Security
"To recognize the memorial at the Navy UDT–SEAL Museum in
		  Fort Pierce, Florida, as the official national memorial of Navy SEALS and their
		  predecessors.",Armed Forces and National Security
"To prohibit the Secretary of Veterans Affairs from entering into a collective bargaining agreement
			 with a labor union that offers financial incentives to prospective
			 members.",Armed Forces and National Security
"To require the Secretary of Defense, in consultation with the Secretary of Veterans Affairs, to
			 develop guidelines regarding the use by the Secretaries of the military
			 departments and the Secretary of Veterans Affairs of unofficial sources of
			 information to determine the eligibility of a member or former member of
			 the Armed Forces for benefits and decorations when the member’s service
			 records are incomplete because of damage to the records, including records
			 damaged by a 1973 fire at the National Personnel Records Center in St.
			 Louis, Missouri.",Armed Forces and National Security
"To amend title 38, United States Code, to establish the
		  National Veterans Support Network to carry out activities to support and
		  supplement the mission of the Department of Veterans Affairs, and for other
		  purposes.",Armed Forces and National Security
"To provide flexibility for the Secretary of Veterans Affairs in caring for homeless veterans during a covered public health emergency, to direct the Secretary of Veterans Affairs to carry out a retraining assistance program for unemployed veterans, and for other purposes.",Armed Forces and National Security
"To amend title 38, United States Code, to make certain improvements in the laws administered by the
			 Secretary of Veterans Affairs relating to health care, educational
			 assistance, and vocational rehabilitation, to establish the Veterans
			 Economic Opportunity and Transition Administration, and for other
			 purposes.",Armed Forces and National Security
"To amend title 38, United States Code, to authorize the Secretary of Veterans Affairs to inter in national cemeteries individuals who supported the United States in Laos during the Vietnam War era.",Armed Forces and National Security
"Urging Americans and people of all nationalities to visit the American Cemeteries, Memorials and Markers.",Armed Forces and National Security
"To require a pilot program on activities under the Transition Assistance Program for a reduction in suicide among veterans, and for other purposes.",Armed Forces and National Security
"To provide procedures for the selection of the Commandant
		  of the Air Force Institute of Technology, and for other
		  purposes.",Armed Forces and National Security
"To authorize the conveyance of a portion of the campus of
		  the Illiana Health Care System of the Department of Veterans Affairs to
		  Danville Area Community College of Vermilion County, Illinois.",Armed Forces and National Security
"To increase, effective as of December 1, 2006, the rates of disability compensation for veterans with service-connected disabilities and the rates of dependency and indemnity compensation for survivors of certain service-connected disabled veterans, and for other purposes.",Armed Forces and National Security
"Recognizing the Defense Intelligence Agency
		  on its 50th Anniversary.",Armed Forces and National Security
"To amend title 38, United States Code, to
		  waive housing loan fees for certain veterans with service-connected
		  disabilities called to active service.",Armed Forces and National Security
"Recognizing the 11 African-American soldiers of the 333rd Field Artillery Battalion who were
			 massacred in Wereth, Belgium, during the Battle of the Bulge in December
			 1944.",Armed Forces and National Security
"To amend title 38, United States Code, to ensure that members of a reserve component who are pursuing a course of education using educational assistance administered by the Secretary of Veterans Affairs are accommodated by the institution of higher learning for an absence caused by performing certain training.",Armed Forces and National Security
"To amend the Foreign Intelligence Surveillance Act of
		  1978 to provide additional protections for privacy and for other
		  purposes.",Armed Forces and National Security
"To establish the Director of National Intelligence as a cabinet level position in the Executive Office of the President to oversee budget, operations, and personnel of the entire intelligence community of the Federal Government.",Armed Forces and National Security
"To direct the Secretary of Veterans Affairs to conduct a
		  study on suicides among veterans.",Armed Forces and National Security
To provide improved benefits and procedures for the transition of members of the Armed Forces from combat zones to noncombat zones and for the transition of veterans from service in the Armed Forces to civilian life.,Armed Forces and National Security
To authorize the Secretary of Veterans Affairs to sell Pershing Hall.,Armed Forces and National Security
"Expressing the sense of the Senate that the
		  memorial park on Hero Street USA, in Silvis, Illinois, should be recognized as
		  Hero Street Memorial Park and should continue to be supported as a park by the
		  Town of Silvis at no cost to United States taxpayers.",Armed Forces and National Security
"To amend title 38, United States Code, to expand the authority of the Secretary of Veterans Affairs
			 to remove senior executives of the Department of Veterans Affairs for
			 performance or misconduct to include removal of certain other employees of
			 the Department, and for other purposes.",Armed Forces and National Security
"To prohibit funds available for the United States Armed Forces to be obligated or expended for
			 introduction of United States Armed Forces into hostilities, and for other
			 purposes.",Armed Forces and National Security
"To award a Congressional Gold Medal to the female telephone operators of the Army Signal Corps, known as the Hello Girls.",Armed Forces and National Security
"Recognizing the crucial role of assistance dogs in helping wounded veterans live more independent lives, expressing gratitude to The Tower of Hope, and supporting the goals and ideals of creating a Tower of Hope Day.",Armed Forces and National Security
"To establish a pilot program on partnership agreements to construct new facilities for the
			 Department of Veterans Affairs.",Armed Forces and National Security
"To amend title 10, United States Code, to require emergency contraception to be included on the uniform formulary of pharmaceutical agents of the pharmacy benefits program of the Department of Defense.",Armed Forces and National Security
"Honoring the 100th anniversary of Fort Benning in Columbus, Georgia.",Armed Forces and National Security
"To amend title 10, United States Code, to modify the
		  per-fiscal year calculation of days of certain active duty or active service
		  used to reduce the minimum age at which a member of a reserve component of the
		  uniformed services may retire for non-regular service.",Armed Forces and National Security
To provide for the appointment of Ulysses S. Grant to the grade of General of the Armies of the United States.,Armed Forces and National Security
"Expressing support for the designation and
		  goals of Hire a Veteran Week and encouraging the President to
		  issue a proclamation supporting those goals.",Armed Forces and National Security
"Honoring the service and sacrifice of the
		  members of the United States Armed Forces in Operation Iraqi Freedom and
		  Operation New Dawn.",Armed Forces and National Security
"To require the Secretary of Veterans Affairs to conduct a study on matters relating to the claiming
			 and interring of unclaimed remains of veterans, and for other purposes.",Armed Forces and National Security
"To authorize appropriations for fiscal year
		  2008 for military activities of the Department of Defense, for military
		  construction, and for defense activities of the Department of Energy, to
		  prescribe military personnel strengths for such fiscal year, and for other
		  purposes.",Armed Forces and National Security
"To amend title 38, United States Code, to authorize veterans who are entitled to educational assistance under the Post-9/11 Educational Assistance Program of the Department of Veterans Affairs to use such entitlement to participate in a career transition internship program for veterans.",Armed Forces and National Security
"To require the Secretary of Defense to submit to Congress a report on victims in military criminal
			 investigative organization reports, and for other purposes.",Armed Forces and National Security
"To improve the access of veterans to medical services from the Department of Veterans Affairs, and
			 for other purposes.",Armed Forces and National Security
"To amend title 38, United States Code, to provide for the
		  entitlement of surviving spouses of members of the Armed Forces who die while
		  serving on active duty to educational assistance under the Post-9/11
		  Educational Assistance Program, and for other purposes.",Armed Forces and National Security
"To provide for free mailing privileges for personal correspondence and parcels sent to members of
			 the Armed Forces serving on active duty in Iraq, Afghanistan, or other
			 designated hostile fire areas.",Armed Forces and National Security
"Expressing support for designation of May
		  1, 2010, as “Silver Star Service Banner Day”.",Armed Forces and National Security
"Honoring military children during the
		  National Month of the Military Child.",Armed Forces and National Security
"To amend title 38, United States Code, to codify the requirements for appointment, qualifications,
			 and pay for therapeutic medical physicists of the Department of Veterans
			 Affairs, and for other purposes.",Armed Forces and National Security
"To amend title 38, United States Code, to improve the processes to approve programs of education for purposes of the educational assistance programs of the Department of Veterans Affairs, and for other purposes.",Armed Forces and National Security
"To direct the Secretary of Veterans Affairs to improve long-term care provided to veterans by the Department of Veterans Affairs, and for other purposes.",Armed Forces and National Security
"To prevent agencies from using unmanned aerial vehicles to conduct surveillance of United States citizens, and for other purposes.",Armed Forces and National Security
"Supporting the goals and ideals of an
		  annual National Yellow Ribbon Day.",Armed Forces and National Security
"To amend title 38, United States Code, to include contracts and grants for residential care for veterans in the exception to the requirement that the Federal Government recover a portion of the value of certain projects.",Armed Forces and National Security
"To direct the Secretary of Veterans Affairs to enter into a contract with a non-government entity to conduct a survey of individuals who have used or are using their entitlement to educational assistance under the educational assistance programs administered by the Secretary of Veterans Affairs, and for other purposes.",Armed Forces and National Security
"To direct the Comptroller General of the United States to draft a report identifying reasons for the low number of Hispanic officers and members of the Armed Forces in leadership positions, and recommendations to increase such numbers.",Armed Forces and National Security
To direct the Secretary of Veterans Affairs to establish a pilot program to furnish hyperbaric oxygen therapy to a veteran who has a traumatic brain injury or post-traumatic stress disorder.,Armed Forces and National Security
"To amend title 10, United States Code, to improve protections for a member of the Armed Forces who
			 is a survivor of a sex-related offense during military service regarding
			 the separation, or the characterization of any separation, of the member
			 from the Armed Forces, to make additional changes to the authorities and
			 procedures of boards for the correction of military records and discharge
			 review boards, and for other purposes.",Armed Forces and National Security
"To amend title 38, United States Code, to reimburse veterans for the cost of emergency medical
			 transportation to a Federal facility, and for other purposes.",Armed Forces and National Security
"To amend the Insurrection Act to curtail violations against the civil liberties of the people of the United States, and for other purposes.",Armed Forces and National Security
"To extend the provisions of the Protect America Act of
		  2007.",Armed Forces and National Security
"To exempt certain Department of Defense civilian positions from any furlough as a result of a lapse in discretionary appropriations, and for other purposes.",Armed Forces and National Security
"To amend title 38, United States Code, to increase the priority for enrollment of medal of honor
			 recipients in the health care system of the Department of Veterans
			 Affairs, and for other purposes.",Armed Forces and National Security
Commemorating the 100th anniversary of the 3d Infantry Division.,Armed Forces and National Security
"To amend title 38, United States Code, to make permanent the authority of the Secretary of Veterans Affairs to provide financial assistance for supportive services for very low-income veteran families in permanent housing.",Armed Forces and National Security
"To prohibit the transfer or release of individuals detained at United States Naval Station,
			 Guantanamo Bay, Cuba, to state sponsors of terrorism.",Armed Forces and National Security
"To amend title 10, United States Code, to provide for the Purple Heart to be awarded to prisoners of war who die in captivity under circumstances not otherwise establishing eligibility for the Purple Heart.",Armed Forces and National Security
To direct the Secretary of Defense to compensate members of the Armed Forces for certain taxes deferred pursuant to Internal Revenue Service Notice 2020–65.,Armed Forces and National Security
"Expressing the sense of Congress that a
		  commemorative postage stamp should be issued to honor the crew of the USS Mason
		  DE–529 who fought and served during World War II.",Armed Forces and National Security
"To amend title 38, United States Code, to extend the Native American veteran housing loan pilot program.",Armed Forces and National Security
"To direct the Secretary of Veterans Affairs to carry out
		  a pilot program to utilize tele-health platforms to assist in the treatment of
		  veterans living in rural areas who suffer from post traumatic stress disorder
		  or traumatic brain injury.",Armed Forces and National Security
"Commemorating the 71st anniversary of the
		  creation of the Special Air Unit of the 1st American Volunteer
		  Group (AVG), which became known as the Flying Tigers.",Armed Forces and National Security
"Designating the week of November 6 through
		  November 12, 2012, as “Veterans’ Education Awareness Week.” ",Armed Forces and National Security
"To establish a mail-order pharmacy pilot program for
		  TRICARE beneficiaries.",Armed Forces and National Security
"To amend title 38, United States Code, to make certain improvements in the information security of the Department of Veterans Affairs, and for other purposes.",Armed Forces and National Security
"To amend title 10, United States Code, to direct the
		  Secretary of Defense to prohibit the use of gambling devices on Department of
		  Defense property.",Armed Forces and National Security
Recognizing the 125th Anniversary of the Indiana Veterans’ Home.,Armed Forces and National Security
"Expressing support for designation of March
		  29 as Vietnam Veterans Day.",Armed Forces and National Security
"Recognizing the 60th anniversary of the
		  outbreak of the Korean War and reaffirming the United States-Korea
		  alliance.",Armed Forces and National Security
To require a demonstration program on the accession as Air Force officers of candidates with auditory impairments.,Armed Forces and National Security
"To provide alternative retired pay rates under title 10, United States Code, and alternative disability compensation rates under title 38, United States Code, for members of the Armed Forces with a combat-related disability, with such rates based on the average monthly salary for high school graduates in the United States, and for other purposes.",Armed Forces and National Security
"To designate the Department of Veterans Affairs Medical
		  Center in Albuquerque, New Mexico, as the Raymond G. Murphy Department
		  of Veterans Affairs Medical Center.",Armed Forces and National Security
"To amend title 36, United States Code, to encourage the nationwide observance of two minutes of
 silence each Veterans Day.",Armed Forces and National Security
"Providing official recognition of the massacre of 11 African-American soldiers of the 333rd Field
			 Artillery Battalion of the United States Army who had been captured near
			 Wereth, Belgium, during the Battle of the Bulge on December 17, 1944.",Armed Forces and National Security
"Recognizing the erroneous and misleading allegations in the October 19, 2020, Public Statement on the Hunter Biden Emails signed by 51 former intelligence officials.",Armed Forces and National Security
"To require a feasibility study regarding establishment within the Department of Defense of a designated central program office, headed by a senior Department official, responsible for overseeing all academic engagement programs focusing on creating cyber talent across the Department, and for other purposes.",Armed Forces and National Security
"To amend the Department of Veterans Affairs Health Care
		  Programs Enhancement Act of 2001 and title 38, United States Code, to require
		  the provision of chiropractic care and services to veterans at all Department
		  of Veterans Affairs medical centers and to expand access to such care and
		  services, and for other purposes.",Armed Forces and National Security
"To require the Secretary of Veterans Affairs to provide financial assistance to eligible entities
			 to provide and coordinate the provision of post-traumatic stress disorder
			 prevention services for veterans through the award of grants to such
			 entities, and for other purposes.",Armed Forces and National Security
"To place reasonable limitations on the use of National
		  Security Letters, and for other purposes.",Armed Forces and National Security
"To extend the life of the Minuteman III and redirect savings from the development of the new ground-based strategic deterrent program toward the development of a universal coronavirus vaccine, and for other purposes.",Armed Forces and National Security
"To amend title 38, United States Code, to recognize the service in the reserve components of
			 certain persons by honoring them with status as veterans under law.",Armed Forces and National Security
"To provide for certain improvements in the laws relating
		  to housing for veterans, and for other purposes.",Armed Forces and National Security
"Honoring the life and career of George
		  Hickman.",Armed Forces and National Security
"To require the Secretary of Veterans Affairs to provide
		  free credit monitoring and credit reports for veterans and others affected by
		  the theft of veterans’ personal data, to ensure that such persons are
		  appropriately notified of such thefts, and for other purposes.",Armed Forces and National Security
"To provide for the protection of members of the United States Armed Forces and for their withdrawal from Iraq by December 31, 2007.",Armed Forces and National Security
"To require the Secretary of Defense to establish a program to carry out minor military construction projects to construct child development centers and to provide education and treatment services for infant and early childhood mental health, and for other purposes.",Armed Forces and National Security
"To amend title 36, United States Code, to designate the Honor and Remember Flag created by Honor
			 and Remember, Inc., as an official symbol to recognize and honor members
			 of the Armed Forces who died in service to the United States, and for
			 other purposes.",Armed Forces and National Security
"To amend the Economic Stimulus Act of 2008 to provide for
		  a temporary increase in the maximum loan guaranty amount for housing loans
		  guaranteed by the Secretary of Veterans Affairs.",Armed Forces and National Security
"To direct the Secretary of Veterans Affairs to ensure that each medical facility of the Department
			 of Veterans Affairs complies with requirements relating to scheduling
			 veterans for health care appointments, to improve the uniform application
			 of directives of the Department, and for other purposes.",Armed Forces and National Security
"To amend title 38, United States Code, to authorize per diem payments under comprehensive service
			 programs for homeless veterans to furnish care to dependents of homeless
			 veterans, and for other purposes.",Armed Forces and National Security
"Honoring the members of the military and
		  intelligence community who carried out the mission that killed Osama bin Laden,
		  and for other purposes.",Armed Forces and National Security
"Recognizing the heroic efforts of the West Virginia National Guard and local responders for their work rescuing 17 individuals from a downed military helicopter on a rugged, snow-covered mountain on the Pocahontas-Randolph county line.",Armed Forces and National Security
"To better connect current and former members of the Armed Forces with employment opportunities by consolidating duplicative Federal Government Internet websites into a single portal, to conserve resources by merging redundant and competing programs, and for other purposes.",Armed Forces and National Security
"To amend title 38, United States Code, to require the Secretary of Veterans Affairs to periodically review the automatic maximum coverage under the Servicemembers' Group Life Insurance program and the Veterans' Group Life Insurance program, and for other purposes.",Armed Forces and National Security
"To establish a permanent community care program for veterans, to establish a commission for the
			 purpose of making recommendations regarding the modernization or
			 realignment of facilities of the Veterans Health Administration, to
			 improve construction of the Department of Veterans Affairs, to make
			 certain improvements in the laws administered by the Secretary of Veterans
			 Affairs relating to the home loan program of the Department of Veterans
			 Affairs, and for other purposes.",Armed Forces and National Security
"To direct the Secretary of Veterans Affairs to conduct a
		  study of the accuracy of expiration dates on certain prescription drugs
		  maintained by the Department of Veterans Affairs.",Armed Forces and National Security
"Supporting the designation of September 15, 2023, as National Concussion Awareness Day.",Health
"Recognizing that women are equally affected
		  by colon cancer.",Health
"To amend the Patient Protection and Affordable Care Act to preserve the option of States to implement health care marketplaces, and for other purposes.",Health
"Expressing the sense of the Congress
		  concerning contraceptives for women.",Health
"To amend title XIX of the Social Security Act to allow for medical assistance under Medicaid for
			 inmates during the 30-day period preceding release from a public
			 institution.",Health
"To amend part B of title XVIII of the Social Security Act
		  to provide coverage for the shingles vaccine under the Medicare
		  Program.",Health
"To amend the Public Health Service Act to provide for treatment of certain respiratory protective devices as covered countermeasures for purposes of targeted liability protections for pandemic and epidemic products and security countermeasures, and for other purposes.",Health
"To amend title XXVII of the Public Health Service Act, the Employee Retirement Income Security Act
			 of 1974, the Internal Revenue Code of 1986, and title XI of the Social
			 Security Act to prevent certain cases of out-of-network surprise medical
			 bills, strengthen health care consumer protections, and improve health
			 care information transparency, and for other purposes.",Health
"To stimulate social policy and community
		  environments to improve health by encouraging policies and programs to improve
		  community health by policy and design, and for other purposes.",Health
"To amend the Public Health Service Act to provide for a public awareness campaign with respect to human papillomavirus, and for other purposes.",Health
"To amend part B of title XVIII of the Social Security Act to exclude customary prompt pay discounts
			 from manufacturers to wholesalers from the average sales price for drugs
			 and biologicals under Medicare, and for other purposes.",Health
To amend title XXVII of the Public Health Service Act to eliminate the short-term limited duration insurance exemption with respect to individual health insurance coverage.,Health
To provide temporary licensing reciprocity for telehealth and interstate health care treatment.,Health
"To authorize the Secretary of Health and Human Services, acting through the Director of the Center for Mental Health Services of the Substance Abuse and Mental Health Services Administration, to award grants to implement innovative approaches to securing prompt access to appropriate follow-on care for individuals who experience an acute mental health episode and present for care in an emergency department, and for other purposes.",Health
"To advance treatment and cures for blindness and other retinal conditions and to promote
			 competitiveness in the United States through a pilot program to increase
			 funding for translational research, and for other purposes.",Health
"To direct the Comptroller General to conduct a study and submit a report to Congress on best
			 practices in use by Federal departments and agencies to reduce opioid
			 usage following medical procedures.",Health
"To amend the Public Health Service Act to improve the
		  National Program of Cancer Registries by expanding data collection and allowing
		  data sharing for public health objectives, while preserving the confidentiality
		  of patients, and for other purposes. ",Health
"To amend the Federal Food, Drug, and Cosmetic Act to
		  prevent a State or political subdivision thereof from conducting or requiring
		  duplicative inspections of establishments in which a drug or device is
		  manufactured, processed, packed, or held by a manufacturer or wholesale
		  distributor of the drug or device.",Health
To prohibit Federal funding of Planned Parenthood Federation of America.,Health
"To amend and reauthorize the controlled substance monitoring program under section 399O of the
			 Public Health Service Act.",Health
"To amend the Federal Food, Drug, and Cosmetic Act to allow the sponsor of a drug to use a non-animal test as an alternative to an animal test for purposes of demonstrating the safety and effectiveness of a drug if such approach satisfies the requirements of the applicable statutes and regulations.",Health
"To direct the Secretary of Health and Human Services to
		  publish physical activity guidelines for the general public, and for other
		  purposes. ",Health
To waive the essential health benefits requirements for certain States.,Health
"To repeal the Patient Protection and Affordable Care Act and the Health Care and Education
			 Reconciliation Act of 2010.",Health
"To amend title XVIII of the Social Security Act to preserve access to rehabilitation innovation
			 centers under the Medicare program. ",Health
"To direct the Secretary of Health and Human Services to submit to the Congress on a biennial basis
			 a national plan to reduce the rate of maternal mortality.",Health
To increase access to pre-exposure prophylaxis to reduce the transmission of HIV.,Health
"To amend the Public Health Service Act with regard to research on asthma, and for other purposes.",Health
To amend title XVIII of the Social Security Act to increase inpatient hospital payments under the Medicare Program to Puerto Rico hospitals.,Health
Expressing the sense of the House of Representatives that there is a critical need to increase awareness and education about heart disease and the risk factors of heart disease among women.,Health
"To provide health care liability reform, and for other
		  purposes.",Health
"To amend section 505 of the Federal Food, Drug, and Cosmetic Act to provide incentives for the
			 development of new combination drugs.",Health
"To amend the Biologics Price Competition and Innovation Act of 2009 to streamline the transition of
			 certain products from approval as a drug to licensure as a biological
			 product, and for other purposes.",Health
"To amend title XVIII of the Social Security Act to extend the rural add-on payment in the Medicare
			 home health benefit, and for other purposes.",Health
To amend the Public Health Service Act to limit the liability of health care professionals who volunteer to provide health care services in response to a disaster.,Health
To substantially restrict the use of animal testing for cosmetics.,Health
To ensure greater affordability of prescription drugs.,Health
"To amend the Public Health Service Act to provide for the
		  licensing of biosimilar and biogeneric biological products, and for other
		  purposes.",Health
Supporting the designation of April 2019 as Parkinson’s Awareness Month.,Health
"To amend the Public Health Service Act to create a National Neuromyelitis Optica Consortium to provide grants and coordinate research with respect to the causes of, and risk factors associated with, neuromyelitis optica, and for other purposes.",Health
"Recognizing the week of April 11 through April 17, 2019, as Black Maternal Health Week to bring
			 national attention to the maternal health crisis in the Black community
			 and the importance of reducing maternal mortality and morbidity among
			 Black women.",Health
"To expand the research, prevention, and awareness
		  activities of the Centers for Disease Control and Prevention and the National
		  Institutes of Health with respect to pulmonary fibrosis, and for other
		  purposes.",Health
To amend title XXXIII of the Public Health Service Act with respect to flexibility and funding for the World Trade Center Health Program.,Health
"To amend titles XVIII and XIX of the Social Security Act
		  to improve oversight of nursing facilities under the Medicare and Medicaid
		  programs by preventing inappropriate influence over surveyors, and for other
		  purposes.",Health
"To provide that no Federal funds may be expended for the

		  payment or reimbursement of a drug that is prescribed for the treatment of

		  sexual or erectile dysfunction.",Health
To prohibit the use of taxpayer dollars to support animal experimentation in the laboratories of adversarial nations.,Health
To amend title XVIII of the Social Security Act to remove the cap on disproportionate share adjustment percentages for certain rural hospitals.,Health
To amend the Internal Revenue Code of 1986 to repeal the individual and employer health insurance mandates.,Health
"To amend title XIX of the Social Security Act to provide States with an option to provide medical
			 assistance to individuals between the ages of 22 and 64 for inpatient
			 services to treat substance use disorders at certain facilities, and for
			 other purposes.",Health
Expressing support for the goals and ideas of Stomach Cancer Awareness Month.,Health
To amend title XVIII of the Social Security Act to codify and permanently extend the Medicare hospital wage index imputed rural floor.,Health
"Designating September 2009 as
		  National Prostate Cancer Awareness Month.",Health
"To amend the Public Health Service Act to limit the liability of health care professionals who
			 volunteer to provide health care services in response to a disaster.",Health
"To prioritize funding for the National Institutes of Health to discover treatments and cures, to
			 maintain global leadership in medical innovation, and to restore the
			 purchasing power the NIH had after the historic doubling campaign that
			 ended in fiscal year 2003.",Health
"To amend title XXI of the Social Security Act to extend and improve the Children’s Health Insurance Program, and for other purposes.",Health
To improve the identification and support of children and families who experience trauma.,Health
"To amend the Public Health Service Act (42 U.S.C. 201 et seq.) to authorize funding for maternal mortality review committees to promote representative community engagement, and for other purposes.",Health
"To amend title XXVII of the Public Health Service Act to
		  permit a health insurance issuer an alternative to guaranteed issue of health
		  insurance coverage in the small group market in order to promote affordable
		  access to portable health insurance coverage.",Health
"To impose an emergency tax on the increase in wealth of billionaires during the COVID–19 pandemic in order to pay for all of the out-of-pocket healthcare expenses of the uninsured and under-insured, including prescription drugs, for one year.",Health
"To exempt employers from any excise tax and certain suits
		  and penalties in the case of a failure of a group health plan to provide
		  coverage to which an employer objects on the basis of religious belief or moral
		  conviction.",Health
"To amend the Public Health Service Act to

		  provide liability protections for volunteer practitioners at health centers

		  under section 330 of such Act.",Health
"To provide protections and services to certain
		  individuals after the terrorist attack on September 11, 2001, in New York City,
		  in the State of New York, and for other purposes.",Health
To amend title XVIII of the Social Security Act to provide for Medicare coverage of multi-cancer early detection screening tests.,Health
To revise and extend provisions under the Garrett Lee Smith Memorial Act.,Health
"To increase reporting requirements and transparency requirements in the 340B Drug Pricing Program, and for other purposes.",Health
"To amend titles XVIII and XIX of the Social Security Act to make improvements to the treatment of
			 the United States territories under the Medicare and Medicaid programs,
			 and for other purposes.",Health
"To authorize the appropriation of funds to the Centers for Disease Control and Prevention for
			 conducting or supporting research on firearms safety or gun violence
			 prevention.",Health
"To prohibit the use of funds for
		  implementation or enforcement of any Federal mandate to purchase health
		  insurance.",Health
To amend the Public Health Service Act to authorize grants for treatment and support services for Alzheimer’s patients and their families.,Health
"To direct the Secretary of Health and Human Services, acting through the Administrator of the Health Resources and Services Administration, to establish a grant program to be known as the Mental Health Licensure Portability Program to award grants to eligible entities, and for other purposes.",Health
"To amend title XIX of the Social Security Act to delay the reduction in Federal medical assistance percentage for Medicaid personal care services furnished without an electronic visit verification system, and for other purposes.",Health
"To promote the development of health care cooperatives
		  that will help businesses to pool the health care purchasing power of
		  employers, and for other purposes. ",Health
"To amend title XIX of the Social Security Act to permit
		  States, at their option, to require certain individuals to present satisfactory
		  documentary evidence of proof of citizenship or nationality for purposes of
		  eligibility for Medicaid, and for other purposes.",Health
"To amend the Public Health Service Act to expand the authority of the Secretary of Health and Human
			 Services to permit nurses to practice in health care facilities with
			 critical shortages of nurses through programs for loan repayment and
 scholarships for nurses.",Health
"To amend the Public Health Service Act to establish the
		  Nurse-Managed Health Clinic Investment program, and for other
		  purposes.",Health
"To amend the Public Health Service Act to reauthorize school-based health centers, and for other
			 purposes.",Health
"To require certain civil penalties to be transferred to a fund through which amounts are made available for the Gabriella Miller Kids First Pediatric Research Program at the National Institutes of Health, and for other purposes.",Health
"To make adjustments, including by amending title XVIII of the Social Security Act, relating to
			 competitive bidding program and durable medical equipment under the
			 Medicare program, to amend such title to establish a DMEPOS market pricing
			 program demonstration project, and for other purposes.",Health
"To establish performance-based quality measures, to
		  establish limitations on recovery in health care lawsuits based on compliance
		  with best practice guidelines, and to provide grants to States for
		  administrative health care tribunals.",Health
Supporting the goals and ideals of National Public Health Week.,Health
"To amend titles XVIII and XIX of the Social Security Act to improve the quality of health care
			 furnished in rural areas, and for other purposes.",Health
"To provide for an earlier start for State health care
		  coverage innovation waivers under the Patient Protection and Affordable Care
		  Act, and for other purposes.",Health
To provide payments for home health services furnished via visual or audio telecommunication systems during an emergency period.,Health
"To amend title XVIII of the Social Security Act to
		  require hospitals reimbursed under the Medicare system to establish and
		  implement security procedures to reduce the likelihood of infant patient
		  abduction and baby switching, including procedures for identifying all infant
		  patients in the hospital in a manner that ensures that it will be evident if
		  infants are missing from the hospital.",Health
"To amend title XVIII of the Social Security Act to adjust the Medicare hospital readmission
			 reduction program to respond to patient disparities, and for other
			 purposes.",Health
"To amend section 1341 of the Patient Protection and Affordable Care Act to repeal the funding mechanism for the transitional reinsurance program in the individual market, and for other purposes.",Health
"To amend title XVIII of the Social Security Act to
		  transition to the use of metropolitan statistical areas as fee schedule areas
		  for the physician fee schedule in California under the Medicare
		  program.",Health
"To amend title XI of the Social Security Act to provide
		  for the annual mailing of statements of Medicare beneficiary part A
		  contributions and benefits in coordination with the annual mailing of Social
		  Security account statements.",Health
"To amend title XVIII of the Social Security Act to count resident time spent in a critical access
			 hospital as resident time spent in a nonprovider setting for purposes of
			 making Medicare direct and indirect graduate medical education payments.",Health
"To address maternity care shortages and promote optimal maternity outcomes by expanding educational opportunities for midwives, and for other purposes.",Health
"To amend title XVIII of the Social Security Act to provide for the coverage of marriage and family therapist services and mental health counselor services under part B of the Medicare program, and for other purposes.",Health
"To restore the application of the 340B drug discount
		  program to orphan drugs with respect to children's hospitals.",Health
"To amend the Public Health Service Act to establish a
		  nationwide health insurance purchasing pool for small businesses and the
		  self-employed that would offer a choice of private health plans and make health
		  coverage more affordable, predictable, and accessible.",Health
To establish a public health plan.,Health
To authorize the appropriation of funds to the Centers for Disease Control and Prevention for conducting or supporting research on firearms safety or gun violence prevention.,Health
"Expressing support for the designation of May 10, 2021, as National Asian American, Native Hawaiian, and Pacific Islander Mental Health Day and acknowledging the importance of raising awareness of mental health and improving the quality of mental health services for the Asian American, Native Hawaiian, and Pacific Islander community.",Health
To amend title XXVII of the Public Health Service Act to improve the affordability of health insurance coverage for small employers.,Health
To amend title XIX of the Social Security Act to encourage appropriate prescribing under Medicaid for victims of opioid overdose.,Health
To provide for further comprehensive research at the National Institute of Neurological Disorders and Stroke on unruptured intracranial aneurysms.,Health
"To amend title XXVII of the Public Health Service Act to provide for a special enrollment period for pregnant women, and for other purposes.",Health
To establish a grant program to support schools of medicine and schools of osteopathic medicine in underserved areas.,Health
"To amend the Public Health Service Act to authorize a program on children and the media within the
			 National Institutes of Health to study the health and developmental
			 effects
			 of technology on infants, children, and adolescents.",Health
"Supporting the goals and ideals of Multiple
		  Sclerosis Awareness Week. ",Health
To provide that under the Older Americans Act of 1965 the State Long-Term Care Ombudsman shall have continuing direct access (or other access through the use of technology) to residents of long-term care facilities to provide services during any portion of the COVID-19 public health emergency declared under section 319 of the Public Health Service Act (42 U.S.C. 247d) that occurs in fiscal year 2020.,Health
"To make improvements to the account for the State response to the opioid abuse crisis to improve
			 tribal health.",Health
To amend titles XVIII and XIX of the Social Security Act to make premium and cost-sharing subsidies available to low-income Medicare part D beneficiaries who reside in Puerto Rico or another territory of the United States.,Health
To amend the Controlled Substances Act with regard to the provision of emergency medical services.,Health
"To amend the Public Health Service Act to provide for the
		  participation of physical therapists in the National Health Service Corps Loan
		  Repayment Program, and for other purposes.",Health
To amend the Public Health Service Act to establish an Office of Drug Manufacturing.,Health
To amend title XIX of the Social Security Act to repeal the amendments made by the Deficit Reduction Act of 2005 requiring documentation evidencing citizenship or nationality as a condition for receipt of medical assistance under the Medicaid Program.,Health
"To amend title XVIII of the Social Security Act to
		  protect Medicare beneficiaries' access to home health services under the
		  Medicare program. ",Health
"To establish within the Food and Drug Administration the Prescription Drug and Medical Device Price
			 Review Board to regulate the prices of certain prescription drugs and
			 medical devices, and for other purposes.",Health
To prohibit the use of organophosphate pesticides on food.,Health
"To prohibit any person from soliciting or knowingly acquiring, receiving, or accepting a donation of human fetal tissue for any purpose other than disposal of the tissue if the donation affects interstate commerce and the tissue will be or is obtained pursuant to an induced abortion, and for other purposes.",Health
"To amend the Employee Retirement Income Security Act of 1974 to protect patients from surprise
			 medical bills.",Health
To reauthorize and improve the 21st Century Cures opioid grant program.,Health
"Designating the week beginning on September
		  10, 2012 and ending on September 14, 2012 as National Health Information
		  Technology Week to recognize the value of health information technology
		  in improving health quality.",Health
"To amend the Federal Food, Drug, and Cosmetic Act to reduce the threat of counterfeit drugs to the pharmaceutical supply chain, and to make the pharmaceutical supply chain more robust, while ensuring the authenticity, content, purity, and manufacturing location and batch number of drugs (including COVID–19 therapeutics and vaccines) and allowing patient verification of authenticity, and for other purposes.",Health
"To amend title XIX of the Social Security Act to provide
		  for a DSH redistribution pool from unexpended Medicaid DSH allotments in order
		  to increase Medicaid DSH allotments for low DSH States and to provide grants
		  for health access networks serving the uninsured.",Health
"Designating the week beginning October 3,
		  2010, as National Nurse-Managed Health Clinic
		  Week.",Health
To clarify the authority for regulating laboratory-developed testing procedures.,Health
"Designating March 22, 2009, as
		  National Rehabilitation Counselors Appreciation
		  Day.",Health
"To amend title XVIII of the Social Security Act to reform the practices of recovery audit contractors under the Medicare program, and for other purposes.",Health
"Expressing the sense of the House of Representatives recognizing community water fluoridation as
			 one of the great public health initiatives on its 70th anniversary.",Health
"Expressing the sense of the Congress that assisted suicide (sometimes referred to using other
			 terms) puts everyone, including those most vulnerable, at risk of deadly
			 harm.",Health
"To provide premium assistance for COBRA continuation coverage and furloughed continuation coverage for individuals and their families during the COVID–19 emergency period and 180-days thereafter, and for other purposes.",Health
To protect the public health by providing the Food and Drug Administration with certain authority to regulate tobacco products.,Health
Designating May 2023 as ALS Awareness Month.,Health
"To establish pilot projects under the
		  Medicare program to provide incentives for home health agencies to utilize home
		  monitoring and communications technologies.",Health
"Supporting the goals and ideals of National
		  Wear Red Day.",Health
"To revise and extend the Prematurity Research Expansion and Education for Mothers who deliver
			 Infants Early
 Act (PREEMIE Act).",Health
"Supporting National Men’s Health
		  Week.",Health
"To amend the Public Health Service Act to include
		  occupational therapists as behavioral and mental health professionals for
		  purposes of the National Health Service Corps.",Health
"To amend title XVIII of the Social Security Act to provide for the non-application of Medicare
			 competitive acquisition rates to complex rehabilitative wheelchairs and
			 accessories.",Health
"Designating April 2013 as National
		  Congenital Diaphragmatic Hernia Awareness Month.",Health
"To improve access to emergency medical services, and for other purposes.",Health
"To amend title XVIII of the Social Security Act to provide for direct payment to physician
			 assistants under the Medicare program for certain services furnished by
			 such physician assistants.",Health
"To ensure equal treatment of faith-based organizations participating in programs of the Department of Health and Human Services, and for other purposes.",Health
"To amend title XVIII to provide for certain Medigap coverage for Medicare beneficiaries with end-stage renal disease, and for other purposes.",Health
"To make improvements to the Account For the State Response to the Opioid Abuse Crisis to improve
			 tribal health.",Health
To amend title XVIII of the Social Security Act to provide for the application of Medicare secondary payer rules to certain workers’ compensation settlement agreements and qualified Medicare set-aside provisions.,Health
"To amend the Public Health Service Act to revise and extend projects relating to children and
			 violence to provide access to school-based comprehensive mental health
			 programs.",Health
To amend title XVIII of the Social Security Act to expand access to mental health services and certain evaluation and management services furnished through telehealth under the Medicare program.,Health
"Recognizing the 250th anniversary of the Perelman School of Medicine at the University of
			 Pennsylvania.",Health
"Promoting increased awareness, diagnosis,
		  and treatment of atrial fibrillation to address the high morbidity and
		  mortality rates and to prevent avoidable hospitalizations associated with this
		  disease.",Health
"To amend the Public Health Service Act to provide health
		  care practitioners in rural areas with training in preventive health care,
		  including both physical and mental care, and for other
		  purposes.",Health
"To amend the Public Health Service Act to establish the National Health Service Corps Rural
			 Provider Loan Repayment Program, and for other
			 purposes.",Health
"To amend the Public Health Service Act to provide grants
		  or contracts for prescription drug education and outreach for healthcare
		  providers and their patients.",Health
"To amend the Public Health Service Act to provide for the participation of physical therapists in
			 the National Health Service Corps Loan Repayment Program, and for other
			 purposes.",Health
"Raising the awareness of the need to secure
		  prescription medications and expressing support for designation of September 10
		  as National Lock Your Meds Day.",Health
"To amend title XVIII of the Social Security Act to require complete and accurate data set submissions from Medicare Advantage organizations offering Medicare Advantage plans under part C of the Medicare program to improve transparency, and for other purposes.",Health
"To amend title XIX of the Social Security Act to require States to provide medical assistance for COVID–19 treatment services for individuals who are diagnosed with COVID–19, and for other purposes.",Health
"To amend title XVIII of the Social Security Act to modernize payments for ambulatory surgical
			 centers under the Medicare program, and for other purposes.",Health
"To amend the Public Health Service Act to authorize the
		  Director of the National Institute of Environmental Health Sciences to make
		  grants for the development and operation of research centers regarding
		  environmental factors that may be related to the etiology of breast
		  cancer.",Health
"To amend the Public Health Service Act to improve mental and behavioral health services on campuses
			 of institutions of higher education.",Health
To amend title XIX of the Social Security Act to encourage the prioritization of the most vulnerable individuals under the Medicaid program.,Health
Expressing support for designation of May 2015 as Health and Fitness Month.,Health
To clarify the eligibility for participation of peer support specialists in the furnishing of behavioral health integration services under the Medicare program.,Health
Expressing the sense of the House of Representatives concerning health promotion and disease prevention.,Health
"To provide for the overall health and well-being of young people, including the promotion and attainment of lifelong sexual health and healthy relationships, and for other purposes.",Health
"To amend title XVIII of the Social Security Act to extend funding for quality measure endorsement,
			 input, and selection under the Medicare program.",Health
"To amend the Federal Food, Drug, and Cosmetic Act to improve the process for inspections of device establishments and for granting export certifications.",Health
To amend title XIX of the Social Security Act to enable greater participation by seniors and Medicare beneficiaries in State Medicaid programs for working people with disabilities.,Health
Recognizing the life and legacy of Henrietta Lacks during Women’s History Month.,Health
"To authorize the Secretary of Health and Human Services,
		  acting through the Administrator of the Health Resources and Services
		  Administration, to award grants on a competitive basis to public and private
		  entities to provide qualified sexual risk avoidance education to youth and
		  their parents.",Health
"Expressing support for designation of February 4, 2014, as National Cancer Prevention Day.",Health
"Designating November 2006 as
		  National Lung Cancer Awareness Month. ",Health
To amend title XVIII of the Social Security Act to eliminate cost-sharing under part D of such title for certain full-benefit dual eligible individuals.,Health
Expressing support for designation of May 2010 as Mental Health Month.,Health
"To amend title XVIII of the Social Security Act to reform the sustainable growth rate and Medicare payment for physicians’ services, and for other purposes.",Health
"To clarify rules relating to nondiscriminatory employer wellness programs as such programs relate
			 to premium discounts, rebates, or modifications to otherwise applicable
			 cost sharing under group health plans.",Health
To amend the Public Health Service Act to facilitate emergency medical services personnel training and certification curriculums for military veterans.,Health
Expressing the sense of the House of Representatives that there should be an increased commitment supporting the development of innovative advanced imaging technologies for prostate cancer detection and treatment.,Health
"To amend title XIX of the Social Security Act to provide States with the option of providing
			 medical assistance at a residential pediatric recovery center to infants
			 under 1 year of age with neonatal abstinence syndrome and their families. ",Health
"To improve medical device recall notifications by amending the Federal Food, Drug, and Cosmetic Act to establish an electronic format for device recall notifications, and for other purposes.",Health
"To provide for the overall health and well-being of young people, including the promotion of
			 comprehensive sexual health and healthy relationships, the reduction of
			 unintended pregnancy and sexually transmitted infections (STIs), including
			 HIV, and the prevention of dating violence and sexual assault, and for
			 other purposes.",Health
"To amend section 317A of the Public Health Service Act to reauthorize a program for screenings and
			 referrals regarding lead poisoning, and for other purposes.",Health
To amend title XVIII of the Social Security Act to apply automatic deemed enrollment under part B of the Medicare Program to residents of Puerto Rico.,Health
"Expressing support for the goals and ideals
		  of National Patient Safety Awareness Week.",Health
"To ensure affordable abortion coverage and care for every woman, and for other purposes.",Health
"To amend the Federal Food, Drug, and
		  Cosmetic Act to extend the food labeling requirements of the Nutrition Labeling
		  and Education Act of 1990 to enable customers to make informed choices about
		  the nutritional content of standard menu items in large chain
		  restaurants.",Health
Honoring Mental Health America (formerly known as the National Mental Health Association) on the 100th anniversary of its founding and for a century of significant contributions.,Health
"To direct the Secretary of Health and Human Services, in
		  consultation with the Secretary of Education, to develop a policy for managing
		  the risk of food allergy and anaphylaxis in schools, to establish school-based
		  food allergy management grants, and for other purposes. ",Health
To increase access to pre-exposure prophylaxis to reduce the transmission of HIV.,Health
"To amend the Public Health Service Act to improve the
		  quality and availability of mental health services for children and
		  adolescents.",Health
"To amend title XVIII of the Social Security Act to provide the option to receive Medicare Summary
			 Notices electronically, to increase the flexibility and transparency of
			 contracts with medicare administrative contractors, and for other
 purposes.",Health
"To amend the Public Health Service Act to provide for the
		  participation of physical therapists in the National Health Service Corps Loan
		  Repayment Program, and for other purposes.",Health
"To amend title XVIII of the Social Security Act to treat
		  certain provider taxes as allowable costs for purposes of Medicare
		  reimbursements to critical access hospitals.",Health
To amend the title XVIII of the Social Security Act to preserve access to rural health care by ensuring fairness in Medicare hospital payments.,Health
"To promote training and employment for public housing
		  residents in home-based health services so such residents can provide Medicaid
		  covered home-based health services to elderly and disabled persons receiving
		  public housing assistance from the Department of Housing and Urban
		  Development.",Health
"To repeal the Patient Protection and Affordable Care Act and provide for comprehensive health reform, and for other purposes.",Health
"To amend the Office of National Drug Control Policy
		  Reauthorization Act of 1998 to increase public awareness about the dangers of
		  synthetic drugs through the national youth anti-drug media
		  campaign.",Health
"To amend title I of the Employee Retirement Income
		  Security Act of 1974, title XXVII of the Public Health Service Act, and the
		  Internal Revenue Code of 1986 to prohibit preexisting condition exclusions for
		  children in group health plans and health insurance coverage in the group and
		  individual markets.",Health
To amend the Public Health Service Act to provide for human embryonic stem cell research.,Health
"To amend the Federal Food, Drug, and Cosmetic Act to define the term first applicant for purposes of filing an abbreviated application for a new drug.",Health
"To strengthen the Nation’s research efforts to identify
		  the causes and cure of psoriasis and psoriatic arthritis, expand psoriasis and
		  psoriatic arthritis data collection, study access to and quality of care for
		  people with psoriasis and psoriatic arthritis, and for other
		  purposes.",Health
"To help Americans safely get back to school and back to work, and for other purposes.",Health
"To amend title XIX of the Social Security Act to extend for 5 years payment parity with Medicare for primary care services furnished under the Medicaid program, and for other purposes.",Health
"To amend the Federal Food, Drug, and Cosmetic Act to require manufacturers of life-saving drugs to submit data and information to assess the stability of the drugs and determine their longest supported expiration date, and for other purposes.",Health
"To amend the Public Health Service Act to extend
		  preventive-health and research programs with respect to prostate
		  cancer.",Health
"To provide for the reduction of adolescent pregnancy, HIV rates, and other sexually transmitted diseases, and for other purposes.",Health
"To amend title XVIII of the Social Security Act to improve the coordination of prescription drug coverage provided under State pharmaceutical assistance programs with the prescription drug benefit provided under the Medicare Program, and for other purposes.",Health
"To amend the Internal Revenue Code of 1986 to repeal the
		  individual and employer health insurance mandates.",Health
"To accelerate efforts to develop vaccines

		  for diseases primarily affecting developing countries and for other

		  purposes.",Health
To include information concerning a patient’s opioid addiction in certain medical records.,Health
"To amend part D of title XVIII of the Social Security Act
		  to authorize the Secretary of Health and Human Services to negotiate for lower
		  prices for Medicare prescription drugs.",Health
To repeal the CLASS program.,Health
"To amend part D of title XVIII of the Social Security Act
		  to require the Secretary of Health and Human Services to negotiate covered part
		  D drug prices on behalf of Medicare beneficiaries.",Health
To amend title III of the Public Health Service Act to reauthorize grants to address dental workforce needs.,Health
"To direct the Secretary of Health and Human Services to
		  develop an individual chronic disease prevention and wellness achievement
		  matrix.",Health
Expressing support for designation of September 2010 as National Craniofacial Acceptance Month.,Health
"To encourage domestic advanced manufacturing of critical drugs and devices in order to address economic, health, and security concerns, combat shortages of critical drugs and devices, and promote increased domestic diversification of, and independence from foreign reliance on, pharmaceutical and medical device supply chains.",Health
To ensure and foster continued patient safety and quality of care by exempting health care professionals from the Federal antitrust laws in their negotiations with health plans and health insurance issuers.,Health
"To establish a Tick-Borne Disorders Advisory Committee, and for other purposes.",Health
"Expressing support for designation of November 2017, as National Bladder Health Month.",Health
"To amend the Public Health Service Act with respect to public health data accessibility, and for other purposes.",Health
"To amend title XVIII of the Social Security Act to allow for the offering of additional
			 prescription drug plans under Medicare part D.",Health
"To amend the Employee Retirement Income Security Act of
		  1974 and the Public Health Service Act to provide parity under group health
		  plans and group health insurance coverage for the provision of benefits for
		  prosthetics and custom orthotics and benefits for other medical and surgical
		  services.",Health
"To direct the Secretary of Health and Human Services to enter into an agreement with the National Academy of Medicine under which the National Academy agrees to conduct a one-year study assessing the effectiveness of current vital statistics reporting and data sharing between State, local, Tribal, and Federal agencies, and for other purposes.",Health
"To amend the Federal Food, Drug, and Cosmetic Act to provide for the regulation of in vitro clinical tests, and for other purposes.",Health
"To amend title XVIII of the Social Security Act to
		  eliminate the coverage gap under the Medicare part D prescription drug
		  program.",Health
"To amend the Federal Food, Drug, and Cosmetic Act to provide an alternative process for
			 review of safety and effectiveness of nonprescription sunscreen active
			 ingredients and for other purposes. ",Health
To amend the title XVIII of the Social Security Act to preserve access to rural health care by ensuring fairness in Medicare hospital payments.,Health
"Resolving to address the costly obesity
		  epidemic by identifying opportunities to increase access to and promotion of
		  nutrition, physical activity, and health care in all of Congress’s
		  work.",Health
"To amend title XVIII of the Social Security Act to reform requirements with respect to direct and indirect remuneration under Medicare part D, and for other purposes.",Health
"To amend the Public Health Service Act to

		  direct the Secretary of Health and Human Services to establish, promote, and

		  support a comprehensive prevention, research, and medical management referral

		  program for hepatitis C virus infection.",Health
"Recognizing the 10th anniversary of the
		  establishment of the Minority AIDS Initiative.",Health
Expressing support for health and wellness coaches.,Health
Supporting the goals and ideals of Alzheimer’s and Brain Awareness Month.,Health
"To support the use of technology in maternal health care, and for other purposes.",Health
"To understand and comprehensively address the oral health
		  problems associated with methamphetamine use.",Health
"To amend the Public Health Service Act relating to Federal research on muscular dystrophy, and for other purposes.",Health
"To amend title XI of the Social Security Act to provide for increased Puerto Rico Medicaid
			 payments, and for other purposes.",Health
"To amend the Public Health Service Act to prohibit human

		  cloning.",Health
"To provide access to medication-assisted therapy, and for other purposes.",Health
"To amend title XXI of the Social Security Act to
		  reauthorize the State Children's Health Insurance Program through fiscal year
		  2013, and for other purposes",Health
"To amend title XVIII of the Social Security Act to
		  provide for the treatment of certain physician pathology services under the
		  Medicare program.",Health
"To amend title XIX of the Social Security Act to provide States with an option to provide medical
			 assistance to individuals between the ages of 22 and 64 for inpatient
			 services to treat substance use disorders at certain facilities, and for
			 other purposes.",Health
"To amend title XXVII of the Public Health Service Act to improve health care coverage under vision and dental plans, and for other purposes.",Health
To amend title XVIII of the Social Security Act to ensure appropriate global surgical package code values in the Medicare program.,Health
To amend the Public Health Service Act with respect to the Public Health Service Corps.,Health
"Designating September 4, 2022, as National Polycystic Kidney Disease Awareness Day, and raising awareness and understanding of polycystic kidney disease.",Health
"Supporting the designation of April 2015, as Parkinson’s Awareness Month.",Health
"To provide for a Public Health Emergency Fund, and for other purposes.",Health
"To permit manufacturers of generic drugs to provide
		  additional warnings with respect to such drugs in the same manner that the Food
		  and Drug Administration allows brand names to do so.",Health
"To amend the Federal Food, Drug, and Cosmetic Act with
		  respect to the postmarket surveillance of devices.",Health
"To provide for health insurance coverage premium
		  discounts for healthy behavior and improvements toward healthy
		  behavior.",Health
"To amend title XVIII of the Social Security Act to
		  improve access to health care for individuals residing in underserved rural
		  areas and for other purposes.",Health
"Expressing the sense of Congress that
		  national health care reform should ensure that the health care needs of women
		  and of all individuals in the United States are met.",Health
"To amend the Federal Food, Drug, and Cosmetic Act to
		  preserve the effectiveness of medically important antibiotics used in the
		  treatment of human and animal diseases.",Health
"To amend the Public Health Service Act with

		  regard to research on asthma, and for other purposes.",Health
"To amend the Public Health Service Act to require State educational agencies and tribal educational
			 agencies receiving funds under section 520A of such Act to establish and
			 implement a school-based student suicide awareness and prevention training
			 policy and school threat assessment team policy, and for other purposes.",Health
"To extend by one year the moratorium on implementation of
		  a rule relating to the Federal-State financial partnership under Medicaid and
		  the State Children’s Health Insurance Program and on finalization of a Medicaid
		  rule regarding graduate medical education.",Health
"To implement demonstration projects at federally
		  qualified community health centers to promote universal access to family
		  centered, evidence-based behavioral health interventions that prevent child
		  maltreatment and promote family well-being by addressing parenting practices
		  and skills for families from diverse socioeconomic, cultural, racial, ethnic,
		  and other backgrounds, and for other purposes. ",Health
"To amend titles XVIII and XIX of the Social

		  Security Act and title III of the Public Health Service Act to improve access

		  to information about individuals’ health care options and legal rights for care

		  near the end of life, to promote advance care planning and decisionmaking so

		  that individuals’ wishes are known should they become unable to speak for

		  themselves, to engage health care providers in disseminating information about

		  and assisting in the preparation of advance directives, which include living

		  wills and durable powers of attorney for health care, and for other

		  purposes.",Health
"To amend the Federal Food, Drug, and Cosmetic Act and the Defense Production Act of 1950 to prohibit the Federal Government from limiting State access to key therapies, such as monoclonal antibodies, and from prioritizing Federal contracts over State contracts relating to purchasing supplies to combat the COVID–19 pandemic.",Health
Supporting mask-wearing as an important measure to limit the spread of the Coronavirus Disease 2019 (COVID–19).,Health
"To make hemp, cannabidiol derived from hemp, and any other ingredient derived from hemp lawful for use under the Federal Food, Drug, and Cosmetic Act as a dietary ingredient in a dietary supplement, and for other purposes.",Health
"To amend the Public Health Service Act to direct the Secretary of Health and Human Services to develop best practices for the establishment and use of behavioral intervention teams at schools, and for other purposes.",Health
"Supporting the goals and ideals of Red
		  Ribbon Week, 2009.",Health
"To amend title XVIII of the Social Security Act to
		  provide certain high cost Medicare beneficiaries suffering from multiple
		  chronic conditions with access to Independence at Home services in lower cost
		  treatment settings, such as their residences, under a plan of care developed by
		  an Independence at Home physician or Independence at Home nurse
		  practitioner.",Health
"Supporting the goals and ideals of Red
		  Ribbon Week.",Health
"To amend the Federal Food, Drug, and Cosmetic Act to provide for notification by manufacturers of critical essential medicines of increased demand of such drugs, and for other purposes.",Health
"To promote and expand the application of telehealth under Medicare and other Federal health care programs, and for other purposes.",Health
"To amend the Medicare Prescription Drug, Improvement, and
		  Modernization Act of 2003 to expand comparative effectiveness research and to
		  increase funding for such research to improve the value of health
		  care.",Health
"To amend title XVIII of the Social Security Act to reduce
		  the occurrence of diabetes in Medicare beneficiaries by extending coverage
		  under Medicare for medical nutrition therapy services to such beneficiaries
		  with pre-diabetes or with risk factors for developing type 2
		  diabetes.",Health
"To amend title XVIII of the Social Security Act to update and clarify the classification of and
			 applicable payment methodology for complex rehabilitation technology items
			 under the Medicare program, and for other purposes.",Health
"To amend the Federal Food, Drug, and
		  Cosmetic Act to reauthorize user fee programs relating to new animal
		  drugs.",Health
"To amend the Federal Food, Drug, and
		  Cosmetic Act and the Public Health Service Act to improve the prevention,
		  diagnosis, and treatment of heart disease, stroke, and other cardiovascular
		  diseases in women.",Health
"To amend title XVIII of the Social Security Act to
		  provide for an extension of certain ambulance add-on payments under the
		  Medicare program.",Health
"To amend the Federal Food, Drug, and Cosmetic Act to allow, during a lapse in appropriations,
			 acceptance of certain device submissions and registrations with the
			 corresponding fees made available for obligation and expenditure for the
			 process for the review of device applications, and for other purposes.",Health
"To improve the palliative and end-of-life

		  care provided to children with life-threatening conditions, and for other

		  purposes.",Health
"To amend title XVIII of the Social Security Act to facilitate the transition to Medicare for
			 individuals enrolled in group health plans, and for other purposes.",Health
"To amend title XVIII of the Social Security Act to provide for intelligent assignment of certain
			 subsidy eligible individuals auto-enrolled under Medicare prescription
			 drug plans and MA–PD plans.",Health
"To amend the Public Health Service Act to provide for a
		  loan repayment program for faculty members at programs of general dentistry or
		  pediatric dentistry to alleviate faculty shortages.",Health
"Supporting the designation of April as
		  Parkinson’s Awareness Month.",Health
"To exempt health insurance of residents of United States territories from the annual fee on health
			 insurance providers.",Health
"To provide for the establishment of a fund to provide for an expanded and sustained  national
			 investment in biomedical research.",Health
"Expressing support for designation of
		  September 2012 as National Ovarian Cancer Awareness Month.",Health
To require private health insurers to cover care related to COVID-19 without cost-sharing and to provide for special enrollment periods for individuals diagnosed with COVID-19.,Health
"To improve women’s access to health care services and

		  provide improved medical care by reducing the excessive burden the liability

		  system places on the delivery of obstetrical and gynecological

		  services.",Health
To amend title XVIII of the Social Security Act to authorize the Secretary of Health and Human Services to make adjustments to payment rates for skilled nursing facilities under the Medicare program to account for certain unique circumstances.,Health
"To direct the Secretary of Health and Human Services to establish a task force to conduct a study on physician shortages, including barriers to physicians trained abroad practicing in the United States, and for other purposes.",Health
To amend title XVIII of the Social Security Act to eliminate discriminatory copayment rates for outpatient psychiatric services under the Medicare Program.,Health
"To authorize the Secretary of Health and Human Services, acting through the Director of the Center for Mental Health Services of the Substance Abuse and Mental Health Services Administration, to award grants to facilitate the funding of community-based mental health and substance use disorder services and peer support programs, and for other purposes.",Health
"To amend title XIX of the Social Security Act to protect the enrollment of incarcerated youth for
			 medical assistance under the Medicaid program, and for other purposes. ",Health
"To award a Congressional Gold Medal to Dr. Balazs
		  Ernie Bodai in recognition of his many outstanding contributions
		  to the Nation, including a tireless commitment to breast cancer
		  research.",Health
To provide for the withdrawal of the drug OxyContin from the commercial market.,Health
"Expressing support for the designation of May 10, 2019, as World Lupus Day.",Health
"To authorize the Director of the Centers for Disease Control and Prevention to award grants to eligible State, Tribal, and territorial public health agencies to develop and administer a program for digital contact tracing for COVID–19, and for other purposes.",Health
"To direct the Secretary of Health and Human Services to
		  conduct a public education campaign on umbilical cord blood stem cells, and for
		  other purposes.",Health
"To amend the Federal Food, Drug, and Cosmetic Act to ensure that liquid over-the-counter
			 medications are packaged with appropriate dosage delivery devices and, in
			 the case of such medications labeled for pediatric use, appropriate flow
			 restrictors, and for other purposes.",Health
"Supporting efforts to increase childhood
		  cancer awareness, treatment, and research.",Health
"To repeal the Patient Protection and Affordable Care Act and the Health Care and Education
			 Reconciliation Act of 2010 entirely.",Health
"To amend the Public Health Service Act to establish a

		  federally-supported education and awareness campaign for the prevention of

		  methamphetamine use.",Health
"To amend title XIX of the Social Security Act to promote access to life-saving therapies for
			 Medicaid enrollees by ensuring coverage of routine patient costs for items
			 and services furnished in connection with participation in qualifying
			 clinical trials, and for other purposes.",Health
"To amend the Public Health Service Act to provide for
		  community projects that will reduce the number of individuals who are uninsured
		  with respect to health care, and for other purposes.",Health
"To amend title XIX of the Social Security Act to prohibit States receiving Federal medical
			 assistance for medication-assisted treatment under Medicaid from imposing
			 utilization control policies or procedures with respect to such treatment,
			 and for other purposes.",Health
"Supporting the goals and ideals of National
		  Cystic Fibrosis Awareness Month.",Health
"To amend title III of the Public Health Service Act to
		  authorize and support the creation of cardiomyopathy education, awareness, and
		  risk assessment materials and resources by the Secretary of Health and Human
		  Services through the Centers for Disease Control and Prevention and the
		  dissemination of such materials and resources by State educational agencies to
		  identify more at-risk families.",Health
To establish a process for updating the labeling of certain drugs with outdated labeling.,Health
"To amend the Public Health Service Act to authorize grants for graduate medical education
			 partnerships in States with a low ratio of medical residents relative to
			 the general population.",Health
"To provide for the establishment of medical malpractice insurance corporations which may operate and function without hindrance or impedance in any or all of the States, to limit frivolous medical malpractice lawsuits, and for other purposes.",Health
"To amend the Public Health Service Act to provide for the sharing of health information concerning
			 an individual’s substance abuse treatment by certain entities.",Health
"To amend title XVIII of the Social Security Act to improve access to innovative new medical devices
			 furnished to individuals with end stage renal disease under part B of the
			 Medicare program by establishing a new device add-on payment adjustment
			 under such part.",Health
To provide funding for programs and activities under the SUPPORT for Patients and Communities Act.,Health
To amend title XVIII of the Social Security Act to provide for coverage under the Medicare program of hearing aids and related hearing services.,Health
"Urging the promotion of equity in the distribution and allocation of COVID–19 vaccines among Hispanic, Black, Asian-American, Native Hawaiian and Pacific Islander, and Native American communities.",Health
"Supporting the goals and ideals of National
		  Clinicians HIV/AIDS Testing and Awareness Day, and for other
		  purposes.",Health
"To improve access to emergency medical services, and for other purposes.",Health
"To amend titles XVIII and XIX of the Social Security Act to require skilled nursing facilities, nursing facilities, and intermediate care facilities for the intellectually disabled to permit certain essential caregiver visitors during a public health emergency under the Medicare and Medicaid programs.",Health
"Supporting legislation promoting improved
		  health care and access to health care for women.",Health
"To amend title XVIII of the Social Security Act to provide coverage and payment under such title for certain treatments for dialysis-related amyloidosis, and for other purposes.",Health
"To provide for relief payments to private and public hospitals that temporarily ceased to operate because of a mandatory evacuation order issued in anticipation of Hurricane Rita, and for other purposes.",Health
"To amend title XVIII of the Social Security Act to
		  protect and preserve access of Medicare beneficiaries in rural areas to health
		  care providers under the Medicare Program, and for other
		  purposes.",Health
"Recognizing World Hepatitis Awareness Month
		  and World Hepatitis Day May 19, 2009.",Health
"To amend the Public Health Service Act to provide for a Reducing Youth Use of E-Cigarettes
			 Initiative.",Health
"To amend the Public Health Service Act to promote obesity
		  prevention, including proper nutrition and exercise.",Health
"To provide greater clarity in the regulation of electronic nicotine delivery systems, including
			 electronic cigarettes, cigars, cigarillos, pipes, and hookahs, and for
			 other purposes.",Health
"To establish the Mental Health in Schools Excellence Program to increase the recruitment and
			 retention of school-based mental health services providers, and for other
			 purposes.",Health
"To express the sense of the Senate
		  concerning the establishment of Doctor of Nursing Practice and Doctor of
		  Pharmacy dual degree programs.",Health
"To amend the Public Health Service Act to authorize grants to certain States to inform patients about the risks of opioids and their analogues, and for other purposes.",Health
"To amend title I of the Patient Protection and Affordable Care Act to impose restrictions on the
			 risk corridor program.",Health
"To establish a health benefits program, based on the
		  Federal employees health benefits program, to provide health insurance coverage
		  for the President, Vice President, and Members of Congress, and citizens not
		  eligible for coverage under the Federal employees health benefits
		  program.",Health
To prohibit the use of Federal funds to conduct or support certain gain-of-function research by a foreign adversary.,Health
"To direct the Secretary of Health and Human Services to carry out a pilot project under which no more than 3 sponsors agree to evaluate the psychological and social distress experienced by patients participating in a clinical trial, conducted by the respective sponsor, of a drug or biological product that is intended to treat a serious or life-threatening disease or condition, and for other purposes.",Health
"To amend the Public Health Service Act to establish a
		  pathway for the licensure of biosimilar biological products, to promote
		  innovation in the life sciences, and for other purposes.",Health
"To provide for an exemption from the individual mandate under the Patient Protection and Affordable Care Act for individuals residing in States in which the Exchange Websites are not fully functional, and for other purposes.",Health
"To amend the Public Health Service Act to authorize the Secretary of Health of Human Services to award grants to States (or collaborations of States) to establish, expand, or maintain a comprehensive regional, State, or municipal system to provide training, education, consultation, and other resources to prescribers relating to patient pain, substance misuse, and substance abuse disorders, and for other purposes.",Health
"To amend the Federal Food, Drug, and
		  Cosmetic Act with respect to the importation of prescription drugs and to amend
		  part D of title XVIII of the Social Security Act to require the Secretary of
		  Health and Human Services to negotiate covered part D drug prices on behalf of
		  Medicare beneficiaries.",Health
"To expand the tropical disease product priority review voucher program to encourage treatments for
			 Zika virus.",Health
"To provide for additional quality control of
		  drugs.",Health
"To end preventable maternal mortality and severe maternal morbidity in the United States and close disparities in maternal health outcomes, and for other purposes.",Health
"To amend title XVIII of the Social Security Act to
		  include vision restoration therapy devices and associated software used in the
		  patient’s home to treat impaired visual function due to acquired brain injury
		  within the definition of durable medical equipment under the Medicare
		  Program.",Health
To amend title XVIII of the Social Security Act to provide for a rebate by manufacturers for selected drugs and biological products subject to maximum fair price negotiation.,Health
"Expressing support for the designation of April 30, 2022, as National Adult Hepatitis B Vaccination Awareness Day.",Health
"To address research on, and improve access to, supportive services for individuals with Long COVID.",Health
"To hold pharmaceutical companies accountable for illegal marketing and distribution of opioid
			 products and for their role in creating and exacerbating the opioid
			 epidemic in the United States.",Health
"To amend title XVIII of the Social Security Act to improve the accuracy of market-based Medicare payment for clinical diagnostic laboratory services, to reduce administrative burdens in the collection of data, and for other purposes.",Health
"To prohibit the Secretary of Health and Human Services from using any type of fee collected to
			 advertise or market Exchanges established under the Patient Protection and
			 Affordable Care Act.",Health
"To amend the Federal Food, Drug, and Cosmetic Act to authorize an extension of exclusivity periods
			 for certain drugs that are approved for a new indication for a rare
			 disease or condition, and for other purposes.",Health
"To amend title XVIII of the Social Security Act to provide coverage of ALS-related services under the Medicare program for individuals diagnosed with amyotrophic lateral sclerosis, and for other purposes.",Health
"To repeal the Federally subsidized loan program for
		  non-profit health insurance, to provide for association health plans, and for
		  other purposes.",Health
"To repeal the provisions of the Patient Protection and
		  Affordable Care Act providing for the Independent Payment Advisory
		  Board.",Health
"To amend the Food and Drug Administration’s
		  mission.",Health
"To amend the Public Health Service Act to establish a public health insurance option, and for other
			 purposes.",Health
"To amend title XVIII of the Social Security Act to
		  clarify the use of private contracts by Medicare beneficiaries for professional
		  services and to allow individuals to choose to opt out of the Medicare part A
		  benefits.",Health
"To improve the health of Americans and reduce health care
		  costs by reorienting the Nation's health care system toward prevention,
		  wellness, and health promotion.",Health
"To amend title XVIII of the Social Security Act to
		  increase the Medicare caps on graduate medical education positions for States
		  with a shortage of residents.",Health
"To amend the Public Health Service Act to revise and
		  extend projects relating to children and violence to provide access to
		  school-based comprehensive mental health programs.",Health
"To amend title XVIII of the Social Security Act to establish a program to allow qualified group practices to furnish certain items and services at qualified skilled nursing facilities to individuals entitled to benefits under part A and enrolled under part B of the Medicare program to reduce unnecessary hospitalizations, and for other purposes.",Health
"To provide for a limitation on availability of funds for Department of Health and Human Services, Centers for Disease Control and Prevention Global Health for fiscal year 2024.",Health
"To reduce disparities and improve access to effective and
		  cost efficient diagnosis and treatment of prostate cancer through advances in
		  testing, research, and education, including through telehealth, comparative
		  effectiveness research, and identification of best practices in patient
		  education and outreach particularly with respect to underserved racial, ethnic
		  and rural populations and men with a family history of prostate cancer, to
		  establish a directive on what constitutes clinically appropriate prostate
		  cancer imaging, and to create a prostate cancer scientific advisory board for
		  the Office of the Chief Scientist at the Food and Drug Administration to
		  accelerate real-time sharing of the latest research and accelerate movement of
		  new medicines to patients.",Health
"To amend part B of title XVIII of the Social Security Act
		  to provide for an exemption of pharmacies and pharmacists from certain Medicare
		  accreditation requirements in the same manner as such exemption applies to
		  certain professionals.",Health
"To amend the Public Health Service Act and title XVIII of
		  the Social Security Act to make the provision of technical services for medical
		  imaging examinations and radiation therapy treatments safer, more accurate, and
		  less costly.",Health
"Recognizing the importance of cancer program accreditation in ensuring comprehensive, high quality,
			 patient-centered cancer care.",Health
"To amend title XVIII of the Social Security Act to provide Medicare coverage for all physicians’
			 services furnished by doctors of chiropractic within the scope of their
			 license, and for other purposes.",Health
To amend title XVIII of the Social Security Act to eliminate discriminatory copayment rates for outpatient psychiatric services under the Medicare Program.,Health
"Expressing support for the designation of the 17th day in May as DIPG Awareness Day to raise awareness and encourage research into cures for diffuse intrinsic pontine glioma (DIPG)
			 and pediatric cancers in general.",Health
"To promote optimal maternity outcomes by making
		  evidence-based maternity care a national priority, and for other
		  purposes.",Health
"To authorize the issuance of United States bonds to fund
		  Alzheimer’s research.",Health
To repeal sections 1341 and 1342 of the Patient Protection and Affordable Care Act.,Health
To provide for the issuance of a Lyme Disease Research Semipostal Stamp.,Health
"To provide for research and education with respect to uterine fibroids, and for other purposes.",Health
"To amend the Public Health Service Act to revise and extend projects relating to children and to
			 provide access to school-based comprehensive mental health programs.",Health
"To require new procedures for health care Exchange Web sites with regard to personal information, and for other purposes.",Health
To amend title XI of the Social Security Act to ensure nursing facilities report information on medical directors of such facilities.,Health
"Designating the month of October 2012 as
		  National Medicine Abuse Awareness Month.",Health
"To establish a Tick-Borne Disorders Advisory Committee, and for other purposes.",Health
"To require updated limits on levels of lead in fruit juice beverages and an updated tolerable daily
			 level of lead exposure from foods, and for other purposes.",Health
"To amend the Federal Food, Drug, and Cosmetic Act to expand the conditional approval pathway for more animal drugs, and for other purposes.",Health
To establish a Medicare-for-all national health insurance program.,Health
"To provide the Secretary of Health and Human Services and
		  the Secretary of Education with increased authority with respect to asthma
		  programs, and to provide for increased funding for such
		  programs.",Health
"To amend the Civil Rights Act of 1964 to protect
		  breastfeeding by new mothers; to provide for a performance standard for breast
		  pumps; and to provide tax incentives to encourage
		  breastfeeding.",Health
"To amend title XIX of the Social Security Act to
		  establish a State plan option under Medicaid to provide an all-inclusive
		  program of care for children who are medically fragile or have one or more
		  chronic conditions that impede their ability to function.",Health
Recognizing the rise of cardiovascular disease as the world’s leading cause of preventable death and disability and as a global public health crisis and supporting the recognition of February 2020 as American Heart Month.,Health
"To amend the Federal Food, Drug, and
		  Cosmetic Act to prohibit the marketing of authorized generic
		  drugs.",Health
"To repeal the Patient Protection and Affordable Care Act and health care-related provisions in the
			 Health Care and Education Reconciliation Act of 2010, and for other
			 purposes.",Health
"To amend title XVIII of the Social Security Act to provide for expanded coverage of services
			 furnished by genetic counselors under part B of the Medicare program, and
			 for other purposes.",Health
"To educate health care providers and the public on biosimilar
biological products, and for other purposes.",Health
"To amend section 330B of the Public Health Service Act to reauthorize special programs for Type I
			 diabetes, and for other purposes.",Health
"To improve and enhance research and programs on childhood
		  cancer survivorship, and for other purposes. ",Health
"To amend title XVIII of the Social Security Act to expand access to telehealth services, and for other purposes.",Health
"To direct the Secretary of Health and Human Services to establish an interagency council on social determinants of health, and for other purposes.",Health
"To provide for enhanced food-borne illness surveillance
		  and food safety capacity.",Health
"To amend title XVIII of the Social Security Act, as amended by the Medicare Prescription Drug, Improvement, and Modernization Act of 2003, to provide additional beneficiary protections.",Health
"To prohibit implementation of the revised definition of short-term, limited duration insurance in
			 order to permit such insurance to provide up to 12 months of coverage.",Health
To increase immunization rates.,Health
"To amend title XIX of the Social Security Act to provide families of disabled children with the opportunity to purchase coverage under the Medicaid Program for such children, and for other purposes.",Health
"To amend titles XIX and XXI of the Social Security Act to improve Medicaid and the Children’s
			 Health Insurance Program for low-income mothers.",Health
"To amend title XVIII of the Social Security Act to create incentives for healthcare providers to
			 promote quality healthcare outcomes, and for other purposes.",Health
"To improve the health of minority individuals, and for other purposes.",Health
"To amend the Federal Food, Drug, and Cosmetic Act to provide for establishment of one or more
			 Intercenter Institutes within the Food and Drug Administration for a major
			 disease area or areas, and for other purposes.",Health
"Recognizing July 28, 2017, as World Hepatitis Day.",Health
"Supporting the designation of September as
		  National Atrial Fibrillation Awareness Month and encouraging
		  efforts to educate the public about atrial fibrillation.",Health
To provide emergency assistance to families through home visiting programs in response to the COVID–19 pandemic.,Health
"To provide for research and education with respect to triple-negative breast cancer, and for other
			 purposes.",Health
"Supporting the goals and ideals of National
		  Nurses Week on May 6, 2013, through May 12, 2013.",Health
Of inquiry directing the President to provide certain documents in the President’s possession to the House of Representatives relating to the oversight of the Wuhan Institute of Virology laboratory by the Director of the National Institutes of Health.,Health
To amend title XVIII of the Social Security Act to include recreational therapy among the therapy modalities that constitute an intensive rehabilitation therapy program in an inpatient rehabilitation hospital or unit.,Health
"Supporting the goals and ideals of the
		  designation of the year of 2011 as the International Year for People of African
		  Descent.",International Affairs
"Urging the appropriate representative of the United States to the 61st session of the United Nations Commission on Human Rights to introduce a resolution calling upon the Government of the People’s Republic of China to end its human rights violations in China, and for other purposes.",International Affairs
"Recognizing the threats to freedom of the press and expression around the world and reaffirming
			 freedom of the press as a priority in the efforts of the United States
			 Government to promote democracy and good governance. ",International Affairs
Recognizing the centennial of the Institute of International Education.,International Affairs
"To direct the Secretary of Defense to strengthen the United States commitment to the security of the Indo-Pacific region and to increase military readiness to defend the homeland and underwrite United States national interests, and for other purposes.",International Affairs
"Honoring the life, legacy, and example of
		  British Prime Minister Baroness Margaret Thatcher.",International Affairs
"Recognizing non-proliferation options for
		  nuclear understanding to keep everyone safe (NO NUKES).",International Affairs
"Expressing the sense of Congress that the
		  United States should neither become a signatory to the Rome Statute on the
		  International Criminal Court nor attend the Review Conference of the Rome
		  Statute in Kampala, Uganda in May 2010.",International Affairs
"Expressing the sense of Congress that
		  Libya’s frozen assets be utilized to pay for NATO’s military
		  campaign.",International Affairs
"To amend the Fentanyl Sanctions Act, to modify certain deadlines relating to the Commission on Combating Synthetic Opioid Trafficking.",International Affairs
"To direct the President to submit to Congress a report on
		  fugitives currently residing in other countries whose extradition is sought by
		  the United States and related matters.",International Affairs
"To promote inclusive economic growth through conservation and biodiversity programs that facilitate transboundary cooperation, improve natural resource management, and build local capacity to protect and preserve threatened wildlife species in the greater Okavango River Basin of southern Africa.",International Affairs
"Recognizing the historical significance of
		  the Mexican holiday of Cinco de Mayo.",International Affairs
Commemorating the 200th anniversary of the abolition of the transatlantic slave trade.,International Affairs
"To authorize the Secretary of State to make grants to American-sponsored schools in Arab and other predominantly Muslim countries to provide full or partial merit-based scholarships for children from lower- and middle-income families of such countries to attend such schools, and for other purposes.",International Affairs
"To ensure compliance with the 1980 Hague Convention on the Civil Aspects of International Child Abduction by countries with which the United States enjoys reciprocal obligations, to establish procedures for the prompt return of children abducted to other countries, and for other purposes.",International Affairs
"To express the disfavor of Congress regarding the proposed agreement for cooperation between the
			 United States and the People’s Republic of China transmitted to the
			 Congress by the President on April 21, 2015, pursuant to the Atomic Energy
			 Act of 1954.",International Affairs
To allow travel between the United States and Cuba.,International Affairs
"To prohibit funding for the United Nations in the event
		  the United Nations grants Palestine a change in status from a permanent
		  observer entity before a comprehensive peace agreement has been reached with
		  Israel.",International Affairs
"To protect against threats posed by Iran to the United States and allies of the United States, and
			 for other purposes. ",International Affairs
"To provide for the imposition of sanctions with respect
		  to foreign persons responsible for or complicit in ordering, controlling, or
		  otherwise directing, the commission of serious human rights abuses against
		  citizens of ALBA countries, and for other purposes.",International Affairs
"To establish in the Department of State the position of Special Envoy for the Abraham Accords, and for other purposes.",International Affairs
To block the property of Russian state-owned entities.,International Affairs
"Recognizing May 28 as World Hunger Day, that the 90th anniversary of the Ukrainian Famine of 1932–1933, known as the Holodomor, should serve as a reminder of repressive Soviet policies against the people of Ukraine, and that Vladimir Putin’s illegal war against Ukraine has diminished Ukraine’s agricultural output and threatens to exacerbate the problems of global hunger on World Hunger Day.",International Affairs
"A resolution commending the Kingdom of
		  Lesotho for the enactment of a law to improve the status of married women and
		  ensure the access of married women to property rights.",International Affairs
"To authorize the President to provide assistance to the Governments of Haiti and Armenia to reverse
			 the effects of deforestation, and for other purposes.",International Affairs
"To impose sanctions against foreign persons and foreign governments in response to certain clandestine attacks on United States personnel, and for other purposes.",International Affairs
"To establish a grant program to preserve the legacy and
		  ideals of Muhammad Ali and promote global respect, understanding, and
		  communication, and for other purposes.",International Affairs
To prohibit the conduct of a first-use nuclear strike absent a declaration of war by Congress.,International Affairs
"To prohibit monetary payments by the Federal Government to employees, officers, and elected
			 officials of foreign countries for purposes of bribery, coercion, or any
			 activity that is illegal or undermines the rule of law or corrupts a
			 public officer or the office such officer represents, and for other
			 purposes.",International Affairs
"Supporting the goals and ideals of World
		  Malaria Day.",International Affairs
"To reform the administration of the Arms Export Control Act, and for other purposes.",International Affairs
"Expressing profound concern about threats to human rights, the rule of law, democracy, and the
			 environment in Brazil.",International Affairs
"To impose sanctions with respect to Iranian persons who engage in politically-motivated harassment,
			 abuse, extortion, or extended detention or trial of individuals in Iran,
			 and for other purposes.",International Affairs
"To provide for oversight of North Korea policy, and for other purposes.",International Affairs
"Relating to the disapproval of the proposed sale to the Government of the United Arab Emirates of
			 certain defense
			 articles and services.",International Affairs
"To amend the State Department Basic Authorities Act of 1956 to eliminate the repatriation loan
			 program, and for other purposes.",International Affairs
"To prohibit funding to negotiate a United Nations Arms
		  Trade Treaty that restricts the Second Amendment rights of United States
		  citizens.",International Affairs
"To protect the environmental integrity of coral reefs and
		  other coastal marine resources from exploration, development, and production
		  activities for petroleum resources located in a maritime exclusive economic
		  zone of the United States that is contiguous to a foreign exclusive economic
		  zone.",International Affairs
"To direct the Secretary of State to take certain actions to end corruption in the Northern Triangle
			 region of Central America, and for other purposes.",International Affairs
"Expressing the sense of the Senate regarding the strategic importance of NATO to the collective
			 security of the transatlantic region and urging its member states to work
			 together at the upcoming summit to strengthen the alliance.",International Affairs
"To ensure that any agreement with Iraq containing a
		  security commitment or arrangement is concluded as a treaty or is approved by
		  Congress. ",International Affairs
"To defeat the Islamic State of Iraq and Syria (ISIS) and protect and secure the United States, and
			 for other purposes.",International Affairs
"Expressing the sense of the House of Representatives that the 85th anniversary of the Ukrainian
			 Famine-Genocide of 1932–1933 (Holodomor) should serve as a reminder of
			 repressive Soviet policies against the people of Ukraine.",International Affairs
"Supporting the establishment and full
		  funding of a staff exchange program between the House of Representatives and
		  the Parliament of Ukraine, the Verkhovna Rada, as soon as
		  possible.",International Affairs
"To apply counterinsurgency tactics under a coordinated
		  and targeted strategy to combat the terrorist insurgency in Mexico waged by
		  transnational criminal organizations, and for other purposes.",International Affairs
"To provide for the establishment of the
		  Special Envoy to Promote Religious Freedom of Religious Minorities in the Near
		  East and South Central Asia.",International Affairs
"Calling on the Government of North Korea to
		  cease all production of weapons of mass destruction, to cease proliferation of
		  ballistic missiles, and to uphold its 1999 pledge to refrain from
		  intercontinental ballistic missile testing, and for other
		  purposes.",International Affairs
To prohibit the commercial export of covered munitions items to the Hong Kong Police Force.,International Affairs
"To require the President to impose sanctions on foreign financial institutions that conduct transactions with the Central Bank of Iran if the President determines that the Central Bank of Iran has engaged in certain transactions relating to the proliferation of chemical, biological, or nuclear weapons or support for acts of international terrorism.",International Affairs
"Calling on the international community to condemn the Laogai, the system of forced labor prison camps in the People’s Republic of China, as a tool for suppression maintained by the Chinese Government.",International Affairs
"Urging the Government of the Russian

		  Federation to withdraw the first draft of the proposed legislation as passed in

		  its first reading in the State Duma that would have the effect of severely

		  restricting the establishment, operations, and activities of domestic,

		  international, and foreign nongovernmental organizations in the Russian

		  Federation, or to modify the proposed legislation to entirely remove these

		  restrictions. ",International Affairs
"Providing for congressional disapproval of the
			 proposed export to the United Arab Emirates and United Kingdom of certain
 defense articles, including technical data and defense services.",International Affairs
"To require the Department of State to publish a list of countries that contract with the Government of Cuba for their medical missions program and ensure that such contracts are considered as factors in considering Trafficking in Persons report rankings, and for other purposes.",International Affairs
To restrict the availability of Federal funds to organizations associated with the abortion industry.,International Affairs
"To ensure the continued investigation of terrorist
		  attacks against the United States attributable to the government of Muammar
		  Qaddafi.",International Affairs
To impose sanctions with respect to certain Russian financial institutions.,International Affairs
"Expressing support for the goal of ensuring that all Holocaust victims live with dignity, comfort,
			 and security in their remaining years, and urging the Federal Republic of
			 Germany to continue to reaffirm its commitment to comprehensively address
			 the unique health and welfare needs of vulnerable Holocaust victims,
 including home care and other medically prescribed needs.",International Affairs
"Recognizing that for 50 years, the Republic of Fiji has worked with the United States toward stability, prosperity, and peace in the Pacific and beyond, and expressing the sense of the House of Representatives that the United States will continue to remain a strong, reliable, and active partner in the Pacific.",International Affairs
"To require the President to determine whether a sale or transfer of advanced integrated air defense systems to Iran meets the requirements to impose sanctions under certain Iran sanctions laws, and for other purposes.",International Affairs
To provide for United States policy toward Taiwan.,International Affairs
"To require an intelligence assessment of the production, planning, and communication of intelligence relating to the withdrawal of United States military from Afghanistan, impose sanctions on the Taliban, report on human rights violations against Afghan individuals who supported the United States, and for other purposes.",International Affairs
"To prohibit the Department of State from obligating or expending any funds to hire a contractor to
			 deliver interactive, professional training seminars for senior-level
			 officials on effective congressional testimony and briefing skills, and
			 for other purposes.",International Affairs
"To support and expand civic engagement and political leadership of adolescent girls around the world, and other purposes.",International Affairs
Providing for congressional disapproval of the proposed foreign military sale to the United Arab Emirates of certain defense articles and services.,International Affairs
United States international programming to Ukraine and neighboring regions.,International Affairs
"Expressing the sense of the House of Representatives that a Global Marshall Plan holds the
			 potential to demonstrate the commitment of the United States to peace and
			 prosperity through poverty reduction in the United States and abroad.",International Affairs
"Making appropriations for the Department of State, foreign operations, and related programs for the fiscal year ending September 30, 2018, and for other purposes.",International Affairs
Expressing opposition to removing sanctions with respect to the Nord Stream II pipeline.,International Affairs
"Remembering and commemorating the lives and

		  work of Maryknoll Sisters Maura Clarke and Ita Ford, Ursuline Sister Dorothy

		  Kazel, and Cleveland Lay Mission Team Member Jean Donovan, who were executed by

		  members of the Armed Forces of El Salvador on December 2,

		  1980.",International Affairs
"Expressing the sense of the House of
		  Representatives that a Global Marshall Plan holds the potential to demonstrate
		  the commitment of the United States to peace and prosperity through poverty
		  reduction in the United States and abroad.",International Affairs
"Recognizing the 50th Anniversary of the Hungarian Revolution that began on October 23, 1956 and reaffirming the friendship between the people and governments of the United States and Hungary.",International Affairs
"Calling upon the President to ensure that
		  the foreign policy of the United States reflects appropriate understanding and
		  sensitivity concerning issues related to human rights, ethnic cleansing, and
		  genocide documented in the United States record relating to the Armenian
		  Genocide, and for other purposes.",International Affairs
To implement measures to help alleviate the poor living conditions in Africa.,International Affairs
"Urging the people of the United States to
		  observe Global Family Day and One Day of Peace and Sharing on January 1,
		  2010.",International Affairs
To allow travel between the United States and Cuba.,International Affairs
Emphasizing the importance of meeting NATO spending commitments.,International Affairs
"Supporting the goals and ideals of the designation of January 1, 2015, to December 31, 2024, as the International Decade for People of African Descent.",International Affairs
"To amend the Foreign Assistance Act of 1961 and the United States-Israel Strategic Partnership Act
			 of 2014 to make improvements to certain defense and security assistance
			 provisions and to authorize the appropriations of funds to Israel, and for
 other purposes.",International Affairs
Affirming the importance of the Taiwan Relations Act.,International Affairs
To restrict the use of funds made available in appropriations Acts for fiscal year 2020 for the benefit of any United States or foreign person subject to the control of the People’s Republic of China.,International Affairs
"Reasserting congressional prerogatives in
		  foreign policy and reaffirming the importance of following constitutional
		  processes when the United States Government enters into agreements regarding
		  the use or maintenance of the United States Armed Forces or the use of the
		  financial resources of the United States to assist a foreign government or
		  people and clarifying the nature and scope of status of forces
		  agreements.",International Affairs
"Approving the renewal of import restrictions contained in
		  the Burmese Freedom and Democracy Act of 2003, and for other
		  purposes.",International Affairs
Calling on the State Department to list the Socialist Republic of Vietnam as a Country of Particular Concern with respect to religious freedom.,International Affairs
Expressing the sense of the House of Representatives that the President should take all necessary steps to expeditiously deploy a missile defense system in Europe that will help provide such a defense to United States allies in Europe while enhancing United States defenses against missile attacks.,International Affairs
Commemorating the 60th anniversary of the ascension to the throne of His Majesty King Bhumibol Adulyadej of Thailand.,International Affairs
"To require the Secretary of State, in consultation with the Secretary of Defense, to provide detailed briefings to Congress on any recent discussions conducted between United States Government and the Government of Taiwan and any potential transfer of defense articles or defense services to the Government of Taiwan.",International Affairs
"To designate May 22, 2014 as United States Foreign Service Day in recognition of the men and women who have served, or are presently serving, in the Foreign
			 Service of the United States, and to honor those in the Foreign Service
			 who have given their lives in the line of duty.",International Affairs
"To lift the trade embargo on Cuba, and for other
		  purposes.",International Affairs
Recognizing the cultural and historical significance of the Cinco de Mayo holiday. ,International Affairs
"Remembering and commemorating the lives and work of Maryknoll Sisters Maura Clarke and Ita Ford, Ursuline Sister Dorothy Kazel, and Cleveland Lay Mission Team Member Jean Donovan, who were executed by members of the armed forces of El Salvador on December 2, 1980.",International Affairs
"Expressing the sense of the Senate that the
		  United States civil-military partnership in Iraq, under the current leadership
		  of General Raymond Odierno and Ambassador Christopher Hill, has refined and
		  sustained an effective counterinsurgency and counterterrorism strategy that has
		  enabled significant improvements in the security, governance, and rule of law
		  throughout Iraq, and that these leaders should be commended for their
		  ingenuity, resourcefulness, courage, commitment, and sacrifice.
		  ",International Affairs
"Expressing support for advancing vital
		  United States interests through increased engagement in health programs that
		  alleviate disease and reduce premature death in developing nations, especially
		  through programs that combat high levels of infectious disease, improve
		  children's and women's health, decrease malnutrition, reduce unintended
		  pregnancies, fight the spread of HIV/AIDS, encourage healthy behaviors, and
		  strengthen health care capacity. ",International Affairs
"To authorize the exportation of consumer communication devices to Cuba and the provision of
			 telecommunications services to Cuba, and for other purposes.",International Affairs
"To impose sanctions with respect to Turkey, and for other purposes.",International Affairs
"Expressing the sense of the Senate that the President and the Secretary of State should ensure that
			 the Government of Canada does not permanently store nuclear waste in the
			 Great Lakes Basin.",International Affairs
"Declaring that it is the policy of the
		  United States to support and facilitate Israel in maintaining defensible
		  borders and that it is contrary to United States policy and national security
		  to have the borders of Israel return to the armistice lines that existed on
		  June 4, 1967.",International Affairs
"Expressing the sense of Congress that the
		  bicentennial of the 1807 Abolition of the Slave Trade Act, which banned the
		  slave trade in the British Empire, allowed for the search and seizure of ships
		  suspected of transporting enslaved people, and provided compensation for the
		  freedom of slaves, should be commemorated.",International Affairs
"To provide for the transfer to the Government of Haiti of the real property of the former United States Embassy in Port-au-Prince, Haiti.",International Affairs
"Expressing the sense of the Senate condemning the Russian Federation, President Vladimir Putin, members of the Russian Security Council, the Russian Armed Forces, and Russian military commanders for committing atrocities, including alleged war crimes, against the people of Ukraine and others. ",International Affairs
"To amend the State Department Basic Authorities Act of 1956 to establish a United States Ambassador
			 at Large for Arctic Affairs, and for other purposes.",International Affairs
"To amend the Foreign Assistance Act of 1961 to require recipients of United States foreign assistance to certify that the assistance will not be used to intentionally traffic in goods or services that contain counterfeit marks, and for other purposes.",International Affairs
"To address the importance of foreign affairs training to national security, and for other purposes.",International Affairs
"To prevent the Government of Iran from gaining a nuclear weapons capability and to maximize the United States diplomatic influence to achieve, consistent with the national security interest of the United States and its allies and partners, a negotiated settlement with the Government of Iran regarding Iran’s nuclear weapons program.",International Affairs
"To direct the Secretary of State to submit to Congress a report on the designation of Iran’s
			 Islamic Revolutionary Guard Corps as a foreign terrorist organization, and
			 for other purposes.",International Affairs
"To prioritize the fight against human trafficking within the Department of State according to
			 congressional intent in the Trafficking Victims Protection Act of 2000
			 without increasing the size of the Federal Government, and for other
			 purposes.",International Affairs
"Supporting the role of the United States in helping save the lives of children and protecting the health of people in developing countries with vaccines and immunization through GAVI, the Vaccine Alliance.",International Affairs
"To require a report on the designation of the Democratic People’s Republic of Korea as a state
			 sponsor of terrorism, and for other purposes.",International Affairs
"Making appropriations for the Department of State, foreign operations, and related programs for the
			 fiscal year ending September 30, 2017, and for other purposes.",International Affairs
"Recognizing the importance of mental health globally and highlighting the contributions and value
			 of mental health, psychosocial support, and human capacity, particularly
			 in development contexts and humanitarian settings.",International Affairs
Condemning the use by the People’s Republic of China of a high-altitude surveillance balloon over the territory of the United States as a brazen violation of United States sovereignty.,International Affairs
"Expressing the sense of the Senate that the

		  new United Nations Human Rights Council fails to adequately reform the United

		  Nations Commission on Human Rights, thus preventing that body from becoming an

		  effective monitor of human rights throughout the world. ",International Affairs
"To establish an interagency working group to develop a comprehensive, strategic plan to control locust outbreaks in the East Africa region and address future outbreaks in order to avert mass scale food insecurity and potential political destabilization, and for other purposes.",International Affairs
"To require a determination on designation of  the Russian Federation as a state sponsor of
			 terrorism.",International Affairs
"To require the Secretary of State to submit a plan to eliminate the backlog of passport applications due to the COVID–19 pandemic, and for other purposes.",International Affairs
To authorize microenterprise assistance for renewable energy projects in developing countries.,International Affairs
"To direct the Secretary of State to provide to Congress a briefing and report on the support of the People’s Republic of China for Russia’s invasion of Ukraine, and for other purposes.",International Affairs
Supporting the appointment of a Presidential Special Envoy for Sudan,International Affairs
"To strengthen prohibitions regarding the Palestine Liberation Organization, and for other purposes.",International Affairs
"Expressing the sense of Congress that Taiwan and its 23,000,000 people deserve membership in the United Nations.",International Affairs
Relating to the approval and implementation of the proposed agreement for nuclear cooperation between the United States and the Socialist Republic of Vietnam.,International Affairs
"To impose sanctions in response to cyber intrusions by the Government of the Russian Federation and
			 other aggressive activities of the Russian Federation, and for other
			 purposes.",International Affairs
"To require a threat assessment on current foreign terrorist fighter activities, and for other
			 purposes.",International Affairs
"Condemning actions by the Government of Syria that have hindered the investigation of the assassination of former Prime Minister of Lebanon Rafik Hariri conducted by the United Nations International Independent Investigation Commission (UNIIIC), expressing support for extending the UNIIIC’s investigative mandate, and stating concern about similar assassination attempts apparently aimed at destabilizing Lebanon’s security and undermining Lebanon’s sovereignty.",International Affairs
"Calling on the Government of Iran to immediately release Saeed Abedini and all other individuals
			 detained on account of their religious beliefs.",International Affairs
Urging the Government of Sri Lanka and the Liberation Tigers of Tamil Eelam to engage positively in the forthcoming peace talks and prevent a return to armed conflict in Sri Lanka.,International Affairs
To require the Secretary of the Treasury to support fairness for Taiwanese nationals regarding employment at the international financial institutions.,International Affairs
"To measure the progress of post-disaster recovery and efforts to address corruption, governance, rule of law, and media freedoms in Haiti.",International Affairs
"To prohibit United States contributions to the Intergovernmental Panel on Climate Change, the
			 United Nations Framework Convention on Climate Change, and the Green
			 Climate Fund.",International Affairs
"Honoring Physicians for Peace for its efforts to foster peace and diplomacy throughout the world, and paying tribute to the life and achievements of its founder, Dr. Charles E. Horton, on the occasion of his death.",International Affairs
"Honoring the 60th anniversary of the
		  establishment of diplomatic relations between the United States and the
		  Hashemite Kingdom of Jordan, the 10th anniversary of the accession to the
		  throne of His Majesty King Abdullah II Ibn Al Hussein, and for other
		  purposes.",International Affairs
Expressing the sense of the Senate that the International Olympic Committee should rebid the 2022 Winter Olympic Games to be hosted by a country that recognizes and respects human rights.,International Affairs
"Condemning the July 11, 2010, terrorist attacks in Kampala, Uganda.",International Affairs
"To counter White identity terrorism globally, and for other purposes.",International Affairs
"To posthumously award the Congressional Gold Medal, collectively, to Glen Doherty, Tyrone Woods, J. Christopher Stevens, and Sean Smith, in recognition of their contributions to the Nation.",International Affairs
Calls on the Government of Turkey to allow free expression and Internet freedom.,International Affairs
"To require the Secretary of State to submit a report to Congress on the designation of the Muslim
			 Brotherhood as a foreign terrorist organization, and for other purposes.",International Affairs
"Supporting the European aspirations of the peoples of the European Union’s Eastern Partnership countries, and for other purposes.",International Affairs
Celebrating 100 years of diplomatic relations between the United States and the Baltic States.,International Affairs
"Calling on the President of the United
		  States not to commit the United States to any status of forces agreement or any
		  other bilateral agreement with the Republic of Iraq that involves the continued
		  presence of the United States Armed Forces in Iraq unless the agreement
		  includes a provision under which the Republic of Iraq agrees to reimburse the
		  United States for all costs incurred by the United States related to the
		  presence of United States Armed Forces in Iraq after the effective date of the
		  agreement.",International Affairs
To impose sanctions with respect to Turkey’s acquisition of the S-400 air and missile defense system.,International Affairs
"Reaffirming the strategic partnership between the United States of America and the Federal
			 Democratic Republic of Ethiopia and encouraging inclusive governance in
			 the Federal Democratic Republic of Ethiopia.",International Affairs
"To develop a strategy for assisting stateless children
		  from North Korea, and for other purposes.",International Affairs
"Recognizing threats to freedom of the press and expression around the world and reaffirming freedom
			 of the press as a priority in efforts of the United States Government to
			 promote democracy and good governance. ",International Affairs
"To provide for the transfer of naval
		  vessels to certain foreign recipients.",International Affairs
"To amend the Trafficking Victims Protection Act of 2000 to ensure adequate time for the preparation of the annual Trafficking in Persons Report, require the timely provision of information to the Office to Monitor and Combat Trafficking in Persons and the Bureau of Diplomatic Security of the Department of State regarding the number and location of visa denials based, in whole or in part, on grounds related to human trafficking, and for other purposes.",International Affairs
"To authorize United States participation in, and
		  appropriations for, the United States contribution to the ninth replenishment
		  of the resources of the Asian Development Fund and the United States
		  subscription to the fifth general capital increase of the Asian Development
		  Bank.",International Affairs
"To support stabilization, peace, and democracy efforts in Ethiopia.",International Affairs
"To prohibit direct foreign assistance to the Government
		  of Egypt until the President makes certain certifications related to treatment
		  of nongovernmental organization workers, and for other
		  purposes.",International Affairs
"To authorize the President to take actions to ensure Israel is prepared for all contingencies if
			 Iran seeks to develop a nuclear weapon after expiration of certain
			 provisions of the Joint Comprehensive Plan of Action, and for other
			 purposes.",International Affairs
"To condemn the December 19, 2010, elections
		  in Belarus, and to call for the immediate release of all political prisoners
		  and for new elections that meet international standards. ",International Affairs
"To support security and law enforcement training and cooperation between the United States and
			 Israel.",International Affairs
Recognizing Mukhtar Mai for her courage and her humanitarian work.,International Affairs
"Urging the Federation Internationale de

		  Football Association to prevent persons or groups representing the Islamic

		  Republic of Iran from participating in sanctioned soccer matches.

		  ",International Affairs
"To provide humanitarian assistance to the Venezuelan people, including Venezuelan migrants and
			 refugees in the Americas and for other purposes.",International Affairs
"To impose sanctions with respect to persons responsible for violence and human rights abuses in
			 Nicaragua, and for other purposes.",International Affairs
"Recognizing that for nearly 40 years, the United States and the Association of South East Asian
			 Nations (ASEAN) have worked toward stability, prosperity, and peace in
			 Southeast Asia. ",International Affairs
Expressing the sense of the House of Representatives that the United States should withhold the contribution of Federal funds to the World Health Organization until Director-General Tedros Ghebreyesus resigns and an international commission to investigate the World Health Organization is established.,International Affairs
Condemning the anti-democratic actions of Venezuelan President Hugo Chavez and expressing the sense of Congress that the United States should strongly support the aspirations of the democratic forces in Venezuela.,International Affairs
"To impose sanctions with respect to Iran,
		  to provide for the divestment of assets in Iran by State and local governments
		  and other entities, to identify locations of concern with respect to
		  transshipment, reexportation, or diversion of certain sensitive items to Iran,
		  and for other purposes.",International Affairs
"To prioritize the fight against human trafficking within the Department of State according to
			 congressional intent in the Trafficking Victims Protection Act of 2000
			 without increasing the size of the Federal Government, and for other
			 purposes.",International Affairs
"Recognizing the 24th anniversary of the
		  Tiananmen Square massacre, calling for the release of Dr. Wang Bingzhang, and
		  for other reasons.",International Affairs
"To require a plan to combat international travel by terrorists and foreign fighters, accelerate the transfer of certain border security systems to foreign partner governments, establish minimum international border security standards, authorize the suspension of certain foreign assistance to countries not making significant efforts to comply with such minimum standards, and for other purposes.",International Affairs
"Expressing support for all Iranian citizens who embrace the values of freedom, human rights, civil liberties, and rule of law, and for other purposes.",International Affairs
Condemning the Government of Iran for its state-sponsored persecution of its Baha’i minority and its continued violation of the International Covenants on Human Rights.,International Affairs
"To support the people of Central America and strengthen United States national security by
			 addressing the root causes of migration from El Salvador, Guatemala and
			 Honduras, and for other purposes.",International Affairs
"To enhance United States diplomatic efforts with respect
		  to Iran by imposing additional economic sanctions against Iran, and for other
		  purposes.",International Affairs
"Calling for Syrian President Bashar
		  al-Assad and others to be tried before the International Criminal Court for
		  committing war crimes and crimes against humanity.",International Affairs
To reinstate reporting requirements related to United States-Hong Kong relations.,International Affairs
Commending the people of the Republic of Liberia for holding peaceful national elections in 2005 and congratulating President Ellen Johnson-Sirleaf on her victory and becoming the first female president of any African country.,International Affairs
"Supporting the right of LGBTQI+ people to equal and inalienable human rights, economic rights, civil rights, and social and political equity at home and abroad and condemning discrimination, persecution, and violence against LGBTQI+ identifying individuals and communities everywhere, including in Europe and Eurasia.",International Affairs
"To promote transparency, accountability, and reform
		  within the United Nations system, and for other purposes.",International Affairs
"To direct the Secretary of State to develop a strategy to regain observer status for Taiwan in the
			 World Health Organization, and for other purposes.",International Affairs
"To modify the treatment of unaccompanied alien children who are in Federal custody by reason of
			 their immigration status, and for other purposes.",International Affairs
To provide special foreign military sales status to the Philippines.,International Affairs
"To counter the mass arbitrary detention of Turkic Muslims, including Uighurs, within the Xinjiang
			 Uighur Autonomous Region of the People’s Republic of China, and for other
			 purposes.",International Affairs
"To require the imposition of sanctions with respect to foreign persons that have engaged in significant theft of trade secrets of United States persons, and for other purposes.",International Affairs
"Recognizing that the United States-Republic of Korea alliance serves as a linchpin of regional stability and bilateral security, and exemplifies the broad and deep military, diplomatic, economic, and cultural ties shared between the United States and the Republic of Korea.",International Affairs
"To exclude from admission to the United States aliens who
		  have made investments contributing to the enhancement of the ability of Cuba to
		  develop its petroleum resources, and for other purposes.",International Affairs
Congratulating Wyclef Jean for being named the Roving Ambassador for Haiti.,International Affairs
"Remembering the 30th anniversary of the bombing of the Embassy of Israel in Buenos Aires on March 17, 1992, the 28th anniversary of the bombing of the Argentine-Israeli Mutual Association building in Buenos Aires on July 18, 1994, and recommitting to efforts to uphold justice for the victims of the attacks.",International Affairs
Expressing the sense of the House of Representatives on the protection of members of vulnerable religious and ethnic minority communities in Iraq.,International Affairs
Expressing the sense of the House of Representatives on the importance of the full implementation of the Comprehensive Peace Agreement to help ensure peace and stability in Sudan during and after mandated referenda.,International Affairs
Supporting the goals and ideals of Countering International Parental Child Abduction Month and expressing the sense of the Senate that Congress should raise awareness of the harm caused by international parental child abduction. ,International Affairs
"To authorize assistance to facilitate trade with,
		  reconstruction efforts, and economic recovery in the Republic of Georgia, which
		  are necessitated by the destruction of critical infrastructure and disruption
		  of domestic and regional commerce during the August 2008 war between Georgia
		  and the Russian Federation.",International Affairs
"To enhance the reliability of information in the Automated Export System, and for other purposes.",International Affairs
"To authorize assistance for procurement of missile defense systems for Israel, and for other
			 purposes.",International Affairs
To award the Congressional Gold Medal to Shimon Peres.,International Affairs
Condemning the conduct of Chief Minister Narendra Modi for his actions to incite religious persecution and urging the United States to condemn all violations of religious freedom in India.,International Affairs
"Calling on the Government of Cameroon, armed separatist groups, and all citizens to respect human
			 rights and adopt nonviolent approaches to conflict resolution.",International Affairs
"Recognizing that for 50 years, the Kingdom of Tonga has worked with the United States toward stability, prosperity, and peace in the Pacific and beyond, and expressing the sense of the House of Representatives that the United States will continue to remain a strong, reliable, and active partner in the Pacific.",International Affairs
To reauthorize the Tropical Forest and Coral Reef Conservation Act of 1998.,International Affairs
Supporting the goals of World Tuberculosis Day to raise awareness about tuberculosis.,International Affairs
"Reaffirming the vital role of the United States-Japan alliance in promoting peace, stability, and
			 prosperity in the Indo-Pacific region and beyond, and for other purposes.",International Affairs
"To extend oversight and accountability related to United
		  States reconstruction funds and efforts in Iraq by extending the termination
		  date of the Office of the Special Inspector General for Iraq
		  Reconstruction.",International Affairs
Calling on the Government of Libya to review the legal actions taken against several Bulgarian medical workers.,International Affairs
"Urging the Government of Kenya and Kenya’s political parties to respect democratic principles and
			 hold credible, peaceful, and transparent elections in August 2017.",International Affairs
"Limiting the issuance of a letter of offer
		  with respect to a certain proposed sale of defense articles and defense
		  services to the Kingdom of Bahrain.",International Affairs
Expressing the sense of the House of Representatives regarding the boycott of certain companies that continue to operate in Russia and provide financial benefits to the Putin regime.,International Affairs
To prohibit assistance to Pakistan.,International Affairs
"To reauthorize the Tropical Forest Conservation
		  Act of 1998 through fiscal year 2010, to rename the
		  Tropical Forest Conservation Act of 1998 as the
		  Tropical Forest and Coral Conservation
		  Act of 2007, and for other purposes. ",International Affairs
"To require an unclassified interagency report on the political influence operations of the
			 Government of China and the Communist Party of China with respect to the
			 United States, and for other purposes.",International Affairs
"Expressing the sense of the House of Representatives regarding the prevention of Iran from
			 obtaining or developing nuclear weapons.",International Affairs
"To amend the Trafficking Victims Protection Act of 2000 to modify the criteria for determining
			 whether countries are meeting the minimum standards for the elimination of
			 human trafficking, and for other purposes.",International Affairs
"Expressing the sense of the Senate against the making available of current and former diplomats,
			 officials, and members of the Armed Forces of the United States for
			 questioning by the government of Vladimir Putin.",International Affairs
"To mandate reporting requirements for convicted sex
		  traffickers and other sex offenders intending to engage in international
		  travel, to provide advance notice of convicted sex offenders who intend to
		  travel outside the United States to the government of the country of
		  destination, to prevent entry into the United States by any foreign sex
		  offender, and for other purposes.",International Affairs
"To award a Congressional Gold Medal to 60 diplomats, in recognition of their bravery and heroism during the Holocaust.",International Affairs
"To establish an interagency program to assist countries in North and West Africa to improve
			 immediate and long-term capabilities to counter terrorist threats, and for
			 other purposes.",International Affairs
"To allow travel between the United States and
		  Cuba.",International Affairs
"Calling for the protection of religious
		  minority rights and freedoms in the Arab world.",International Affairs
"Condemning the continued undemocratic measures by the Government of Venezuela to undermine the
			 independence of democratic institutions and calling for a free and fair
			 electoral process.",International Affairs
"To establish within the office of the Secretary of State
		  a Coordinator for Cyberspace and Cybersecurity Issues.",International Affairs
"Congratulating the people and Government of the Republic of Indonesia on successfully completing elections for national, provincial, and regional parliamentary representatives, and praising the growth of democracy in Indonesia.",International Affairs
"To improve and coordinate United States information statecraft strategy and capabilities for an era of strategic competition, and for other purposes.",International Affairs
"Condemning all forms of anti-Semitism and
		  reaffirming the support of Congress for the mandate of the Special Envoy to
		  Monitor and Combat Anti-Semitism, and for other purposes.",International Affairs
"Condemning Joseph Kony and the Lord’s Resistance Army for continuing to perpetrate crimes against humanity, war crimes, and mass atrocities, and supporting ongoing efforts by the United States Government, the African Union, and governments and regional organizations in central Africa to remove Joseph Kony and Lord’s Resistance Army commanders from the battlefield and promote protection and recovery of affected communities.",International Affairs
"Objecting to United Nations funding of the
		  Durban Review Conference using the United Nations regular budget, and for other
		  purposes.",International Affairs
"Expressing the strong support of the House
		  of Representatives for the North Atlantic Treaty Organization to enter into a
		  Membership Action Plan with Georgia and Ukraine.",International Affairs
"Expressing solidarity with Israel in Israel’s defense
		  against terrorism in the Gaza Strip.",International Affairs
"Expressing condolences to the families and
		  friends of the 72 people who died in Mexico while migrating to the United
		  States in search of better lives, and condemning the criminal network
		  responsible for their massacre.",International Affairs
"To require the President to determine whether Hezbollah should be designated as a significant foreign narcotics trafficker or a transnational criminal organization, and for other purposes.",International Affairs
"To strengthen the North Atlantic Treaty Organization, to combat international cybercrime, and to
			 impose additional sanctions with respect to the Russian Federation, and
			 for other purposes.",International Affairs
"Congratulating all member states of the
		  International Commission for the International Tracing Service (ITS) on
		  ratifying the May 2006 protocol granting open access to a vast archives on the
		  Holocaust and other World War II materials, located at Bad Arolsen,
		  Germany.",International Affairs
"Expressing support for the people of Bosnia and Herzegovina as they seek to hold government
			 officials accountable, prepare for elections at the state, entity, and
			 cantonal level, and consider constitutional or other reforms to enhance
			 the country’s prospects for European and Euro-Atlantic integration.",International Affairs
"To require the Secretary of the Treasury to instruct the United States Executive Director at the World Bank and other international financial institutions to support assistance for nuclear energy, and for other purposes.",International Affairs
"Recognizing the twentieth anniversary of the suppression of protesters and citizens in and around Tiananmen Square in Beijing, People’s Republic of China, on June 3 and 4, 1989 and expressing sympathy to the families of those killed, tortured, and imprisoned in connection with the democracy protests in Tiananmen Square and other parts of China on June 3 and 4, 1989 and thereafter.",International Affairs
"Expressing the sense of the Senate
		  regarding the creation of refugee populations in the Middle East, North Africa,
		  and the Persian Gulf region as a result of human rights
		  violations.",International Affairs
"Recognizing the 42nd anniversary of the Fall of Saigon on April 30, 1975.",International Affairs
"Expressing the strong concern of the House
		  of Representatives about the actions of the Taliban in Swat, Pakistan, to
		  restrict girls’ access to education.",International Affairs
"Condemning North Korea in the strongest terms for its unprovoked military attack against South Korea on November 23, 2010.",International Affairs
"To enhance the missions, objectives, and effectiveness of United States international
			 communications, and for other purposes.",International Affairs
"Urging the Government of the People’s Republic of China to improve its protection of intellectual property rights, and for other purposes.",International Affairs
"To provide for the approval of the
		  Agreement Between the Government of the United States of America and the
		  Government of Australia Concerning Peaceful Uses of Nuclear
		  Energy.",International Affairs
"Commemorating the 39th anniversary of the
		  reunification of the city of Jerusalem.",International Affairs
Calling on the United States Senate to increase sanctions against Iran.,International Affairs
"Relating to the disapproval of the proposed foreign military sale to the Government of the Kingdom
			 of Saudi Arabia  of
			 M1A1/A2 Abrams Tank structures and other major defense equipment.",International Affairs
"Calling for the Government of Cambodia to

		  release Cheam Channy from prison, and for other purposes.",International Affairs
"Congratulating the State of Qatar on the
		  ascension of their new amir, Sheik Tamim bin Hamad Al Thani on June 25, 2013,
		  and recognizing the special relationship between the United States and the
		  State of Qatar.",International Affairs
"Commemorating the 100-year anniversary of the fall of Kronstadt, which took place on March 18, 1921.",International Affairs
"Resolution Commending the members of the Agri-business Development Teams of the National Guard and the National Guard Bureau for their efforts, together with personnel of the Department of Agriculture and the United States Agency for International Development, to modernize agriculture practices and increase food production in war-torn countries.",International Affairs
"To impose certain requirements relating to the renegotiation or reentry into the Joint Comprehensive Plan of Action or other agreement relating to Iran’s nuclear program, and for other purposes.",International Affairs
"Reaffirming support for Israel as a
		  longtime friend, ally, and strategic partner of the United States and Israel’s
		  right to defend itself.",International Affairs
Honoring the 70th anniversary of the founding of CARE. ,International Affairs
"Celebrating the 25th anniversary of the passage of the Mike Mansfield Fellowship Act creating the
			 Mike Mansfield Fellowship Program. ",International Affairs
To authorize the Government of Ukraine to establish a memorial on Federal land in the District of Columbia to honor the victims of the Ukrainian famine-genocide of 1932–1933.,International Affairs
"Providing for the approval of the Congress
		  of the proposed agreement for cooperation between the United States and the
		  Russian Federation pursuant to the Atomic Energy Act of 1954.",International Affairs
To amend the Foreign Assistance Act of 1961 to require that only countries that have a democratic form of government and that support United States nonproliferation objectives may be designated as major non-NATO allies for purposes of that Act and the Arms Export Control Act.,International Affairs
"To impose additional sanctions with respect to Syria, and for other purposes.",International Affairs
"To impose sanctions in response to cyber intrusions by the Government of the Russian Federation and
			 other aggressive activities of the Russian Federation, and for other
			 purposes.",International Affairs
To prohibit lifting of United States sanctions imposed with respect to North Korea.,International Affairs
"To amend the Foreign Service Act of 1980 to prescribe
		  certain qualifications to be eligible to serve as an
		  ambassador.",International Affairs
To protect and promote the freedom of the press globally.,International Affairs
"To halt Saudi support for institutions that fund, train, incite, encourage, or in any other way aid and abet terrorism, and to secure full Saudi cooperation in the investigation of terrorist incidents, and for other purposes.",International Affairs
"To establish the Western Hemisphere Drug Policy
		  Commission.",International Affairs
"Expressing solidarity with the people of Israel in the wake of recent terrorist attacks and
			 condemning the Palestinian Authority for inciting an atmosphere of
			 violence.",International Affairs
"To withhold United States contributions to the United
		  Nations until the United Nations formally retracts the final report of the
		  United Nations Fact Finding Mission on the Gaza
		  Conflict.",International Affairs
Recognizing the 20th anniversary of the fall of the Berlin Wall.,International Affairs
"To posthumously award the Congressional Gold Medal to each of Glen Doherty, Tyrone Woods, J.
			 Christopher Stevens, and Sean Smith in recognition of their contributions
			 to the Nation.",International Affairs
Expressing the sense of the House of Representatives that Iran must cease enriching uranium to 20 percent purity and abandon its pursuit of a nuclear weapon.,International Affairs
"To provide for more effective sanctions against Iran’s Revolutionary Guard Corps or any of its
			 officials, agents, or affiliates to counter support for international
			 terrorism and assistance to the Assad regime in Syria.",International Affairs
"Expressing the sense of the Senate that the Governments of Burma and Bangladesh  ensure the safe,
			 dignified, voluntary, and sustainable return of the Rohingya refugees who
			 have been displaced by the campaign of ethnic cleansing conducted by the
			 Burmese military and to immediately release unjustly imprisoned
			 journalists, Wa Lone and Kyaw Soe Oo.",International Affairs
"To ensure that United States Government personnel, including members of the Armed Forces and
			 contractors, assigned to United States diplomatic missions are given the
			 opportunity to designate next-of-kin for certain purposes in the event of
			 the death of the personnel.",International Affairs
"Expressing support for internal rebuilding, resettlement, accountability, and reconciliation within
			 Sri Lanka so that Sri Lankans from all ethnic and religious communities
			 may benefit from the end of the country’s 26-year civil war.",International Affairs
Expressing the sense of the House of Representatives regarding Srebrenica.,International Affairs
To place conditions on assistance to the Government of Burma.,International Affairs
"To authorize the Gandhi-King Scholarly Exchange Initiative focusing on peace and nonviolence in
			 global conflict resolution, and for other purposes.",International Affairs
Providing for congressional disapproval of the proposed foreign military sale to the United Arab Emirates of certain defense articles and services.,International Affairs
"Calling upon the United States Senate to give its advice and consent to the ratification of the
			 United Nations Convention on the Law of the Sea.",International Affairs
"To provide for the treatment of the Association of Southeast Asian Nations (ASEAN) as an international organization for purposes of the International Organizations Immunities Act, and for other purposes.",International Affairs
"To amend the Foreign Assistance Act of 1961 to provide assistance for developing countries to
			 promote quality basic education and to establish the goal of all children
			 in school and learning as an objective of the United States foreign
			 assistance policy, and for other purposes.",International Affairs
Expressing the sense of the House of Representatives regarding the democratic Constitution of the Republic of India and United States-India relations.,International Affairs
"Condemning the dismissal of the Supreme
		  Court in Pakistan and calling for their reinstatement by the Government of
		  Pakistan.",International Affairs
"To prohibit United States assistance to develop or

		  promote any rail connections or railway-related connections that traverse or

		  connect Baku, Azerbaijan, Tbilisi, Georgia, and Kars, Turkey, and that

		  specifically exclude cities in Armenia.",International Affairs
"Condemning the terrorist attacks on Christian worshipers in Sri Lanka on Easter Sunday, April 21,
			 2019, and standing with the Government of Sri Lanka to encourage the
			 protection and preservation of religious liberties.",International Affairs
"To amend the Foreign Assistance Act of 1961 to provide for the establishment of a network of pediatric centers in certain developing countries to provide treatment and care for children with HIV/AIDS, and for other purposes.",International Affairs
To protect and enhance core diplomatic capabilities at the Department of State.,International Affairs
"Supporting the territorial integrity of Ukraine and condemning Russian military aggression in
			 Ukraine.",International Affairs
"To require a report on the military coup in Burma, and for other purposes.",International Affairs
"Expressing the sense of the House of Representatives regarding United States efforts to resolve the
			 Israeli-Palestinian conflict through a negotiated two-state solution.",International Affairs
"Recognizing the significance of the 50th
		  anniversary of Trinidad and Tobago’s independence to the people of Trinidad and
		  Tobago and supporting the goals and ideals of Trinidad and Tobago’s
		  Independence Day.",International Affairs
"Calling on the United States Government and
		  the international community to promptly develop, fund, and implement a
		  comprehensive regional strategy in Africa to protect civilians, facilitate
		  humanitarian operations, contain and reduce violence, and contribute to
		  conditions for sustainable peace in eastern Chad, northern Central African
		  Republic, and Darfur, Sudan.",International Affairs
"To strengthen efforts to combat slavery and trafficking
		  in persons, within the United States and around the world.",International Affairs
"To prohibit assistance for the Carter Center located in Atlanta, Georgia.",International Affairs
"Urging the expedient relocation of the
		  United States Embassy in Israel to Jerusalem.",International Affairs
"Recognizing the 65th anniversary of the
		  independence of the State of Israel.",International Affairs
"Condemning the violence against peaceful protesters outside the Turkish Ambassador’s residence on May 16, 2017, and calling for the perpetrators to be brought to justice and measures to be taken to prevent similar incidents in the future.",International Affairs
"Expressing the sense of the House of Representatives regarding the democratic Constitution of the
			 Republic of India and United States-India relations on India’s Republic
			 Day.",International Affairs
"Urging the Secretary of State that in 2015, a year of significant anniversaries for the Jewish
			 people, United States embassies in appropriate countries should
			 commemorate this anniversary year with significant public events including
			 the message that the opportunities for remembrance and reflection
			 contained in these anniversaries are applicable to all peoples.",International Affairs
"Recognizing the growing threat that al
		  Qaeda and its affiliates in Africa, particularly al Shabaab and al Qaeda in the
		  Islamic Maghreb, pose to the United States and its allies and
		  interests.",International Affairs
"Commending the Albanian people on the 100th
		  anniversary of the declaration of their independence from the Turkish Ottoman
		  Empire on November 28, 1912, and commending Albanians in Albania and Kosova for
		  protecting and saving the lives of all Jews who either lived in Albania or
		  sought asylum there during the Holocaust.",International Affairs
"To establish in the United States Agency for International Development an entity to be known as the
			 United States Global Development Lab, and for other purposes.",International Affairs
"Welcoming the President of the Republic of Korea on her official visit to the United States and
			 celebrating the United States-Republic of Korea relationship, and for
			 other purposes.",International Affairs
To reinstate reporting requirements related to United States-Hong Kong relations.,International Affairs
Supporting renaming NATO Headquarters after the late United States Senator John Sidney McCain III.,International Affairs
"To prohibit Senegal from receiving certain forms of development assistance for a two-year period and make available such assistance to Rwanda and Uganda, and for other purposes.",International Affairs
Expressing the sense of the Senate in support of the International Atomic Energy Agency’s (IAEA) nuclear security role.,International Affairs
"Commending the efforts and honoring the work of the men and women of USNS Comfort and the United States Navy in the immediate response to those affected by the earthquake that struck Haiti on January 12, 2010.",International Affairs
"Declaring that a state of war exists between the self-described Islamic State and its direct affiliates and subsidiaries, and the Government and the people of the United States
			 and making provisions to prosecute the same.",International Affairs
"Calling upon any agreement reached between the President and Vladimir Putin at their meeting in
			 Helsinki, Finland, to be approved by Congress.",International Affairs
"To amend the Tropical Forest Conservation
		  Act of 1998 to provide debt relief to developing countries that take action to
		  protect tropical forests and coral reefs and associated coastal marine
		  ecosystems, to reauthorize such Act through fiscal year 2010, and for other
		  purposes.",International Affairs
"Expressing vigorous support and unwavering commitment to the welfare, security, and survival of the State of Israel as a Jewish and democratic state with secure borders, and recognizing and strongly supporting its right to act in self-defense to protect its citizens against acts of terrorism.",International Affairs
"To prohibit the transfer of defense articles and defense
		  services to the governments of foreign countries that are engaging in gross
		  violations of internationally recognized human rights, and for other
		  purposes.",International Affairs
"Opposing the lifting of sanctions imposed with respect to Iran without addressing the full scope of Iran’s malign activities, including its nuclear program, ballistic and cruise missile capabilities, weapons proliferation, support for terrorism, hostage-taking, gross human rights violations, and other destabilizing activities.",International Affairs
"To terminate the designation of the Islamic Republic of Pakistan as a major non-NATO ally, and for other purposes.",International Affairs
"Recognizing the Muslim holy month of Ramadan, commending a month of fasting and spiritual renewal,
			 and extending best wishes to Muslims in the United States and across the
			 globe for a joyous and meaningful observance of Eid al-Fitr.",International Affairs
"Calling for the immediate release of Russian opposition leader Vladimir Kara-Murza, who was unjustly detained on April 11, 2022.",International Affairs
"Reiterating the indisputable fact that the Nazi regime targeted the Jewish people in its
			 perpetration of the Holocaust and calling on every entity in the executive
			 branch to affirm that fact.",International Affairs
"Supporting the goals and ideals of International Parental Child Abduction Month and expressing the sense of the Senate that Congress should raise awareness of the harm caused by
			 international parental child abduction.",International Affairs
"To prohibit the use of funds for an escalation of United States forces in Iraq above the numbers existing as of January 9, 2007.",International Affairs
To impose sanctions with respect to the Nord Stream 2 pipeline and for other purposes.,International Affairs
"Honoring the 113th anniversary of the
		  independence of the Philippines.",International Affairs
"To establish a pilot program of Central Asian
		  scholarships for undergraduate and graduate level public policy internships in
		  the United States.",International Affairs
"Recognizing the 100th anniversary of the
		  founding of the Ghadar Party in the United States.",International Affairs
"Expressing the sense of the Senate to oppose the transfer of foreign enemy combatants from the
			 detention
			 facilities at United States Naval Station, Guantanamo Bay, Cuba, to the
			 United States homeland.",International Affairs
"Calling on the Government of the United Kingdom to immediately establish a full, independent, and public judicial inquiry into the murder of Northern Ireland defense attorney Patrick Finucane, as recommended by Judge Peter Cory as part of the Weston Park Agreement, in order to move forward on the Northern Ireland peace process.",International Affairs
"Encouraging The Former Yugoslav Republic of Macedonia (FYROM) and Greece to continue negotiations to determine a mutually acceptable official name for the FYROM, and for other purposes.",International Affairs
"Reiterating United States support for the people of the Republic of South Sudan in their quest for lasting peace, stability, and democracy after 10 years of independence and calling for a review of United States policy toward South Sudan.",International Affairs
"To prohibit United States Government recognition of the Russian Federation’s claim of sovereignty
			 over Crimea, and for other purposes.",International Affairs
"Calling on the President and the allies of the United States to raise the case of Robert Levinson with officials of the Government of Iran at every level and opportunity, and urging officials of the Government of Iran to fulfill their promises of assistance to the family of Robert Levinson and to share information on the investigation into the disappearance of Robert Levinson with the Federal Bureau of Investigation. ",International Affairs
"To impose sanctions with respect to foreign support for Palestinian terrorism, and for other
			 purposes.",International Affairs
To hold the People’s Republic of China accountable for the violation of United States airspace and sovereignty with its high-altitude surveillance balloon.,International Affairs
"To prohibit the United States from following guidance issued by the Secretary of the Treasury regarding how multilateral development banks should engage with developing countries on coal-fired power generation, and for other purposes.",International Affairs
To reject the People’s Republic of China’s claims concerning certain islands and territories in the East and South China Seas.,International Affairs
To prohibit foreign assistance to Pakistan until the tuition assistance program of the Department of Defense is fully funded.,International Affairs
"To reaffirm United States objectives in Ethiopia and
		  encourage critical democratic and humanitarian principles and practices, and
		  for other purposes. ",International Affairs
Providing for completion of the accelerated transition of United States combat and military and security operations to the Government of Afghanistan.,International Affairs
Emphasizing the importance and interdependence of diplomacy and international development to American interests and national security.,International Affairs
"Urging the Government of the Russian Federation to withdraw or modify proposed legislation that would have the effect of severely restricting the establishment, operations, and activities of domestic and foreign nongovernmental organizations in the Russian Federation.",International Affairs
"Urging all sides to the political crisis in Ukraine to abide by the May 27, 2007, agreement which calls for a new round of parliamentary elections on September 30, 2007, and to ensure a free and fair, transparent democratic system in Ukraine based on the rule of law.",International Affairs
"Expressing the United States commitment to
		  the reunification of the Republic of Cyprus and the establishment of a unified
		  government on Cyprus that guarantees the human rights of all Cypriots and
		  condemns any attempt to use the current economic crisis as a means of imposing
		  a settlement on the people of Cyprus, and for other purposes.",International Affairs
"To implement the obligations of the United

		  States under the Protocol Additional to the Agreement between the United States

		  of America and the International Atomic Energy Agency for the Application of

		  Safeguards in the United States of America, signed by the United States on June

		  12, 1998.",International Affairs
"Expressing the sense of Congress that the
		  President should adhere to the War Powers Resolution and obtain specific
		  statutory authorization for the use of United States Armed Forces in
		  Libya.",International Affairs
"To amend the Intercountry Adoption Act of 2000 to require the Secretary of State to report on
			 intercountry adoptions from countries which have significantly reduced
			 adoption rates involving immigration to the United States, and for other
			 purposes.",International Affairs
"To preserve the integrity of American elections by providing the Attorney General with the
			 investigative tools to identify and prosecute foreign agents who seek to
			 circumvent Federal registration requirements and unlawfully influence the
			 political process.",International Affairs
"To seek the establishment of and contributions to an International Fund for Israeli-Palestinian
			 Peace.",International Affairs
"Expressing the sense of the House of Representatives and reaffirming long-standing United States
			 policy in support of a negotiated two-state solution to the
			 Israeli-Palestinian conflict.",International Affairs
"To amend title 36, United States Code, to designate March 9 as U.S. Hostage and Wrongful Detainee Day and to designate the Hostage and Wrongful Detainee flag as an official symbol to recognize citizens of the United States held as hostages or wrongfully detained abroad. ",International Affairs
"To restrict funding for the Preparatory Commission for the Comprehensive Nuclear-Test-Ban Treaty Organization, and for other purposes.",International Affairs
"Condemning Palestinian incitement of violence and reaffirming the special bond between Israel and
			 the United States.",International Affairs
"To reduce the threat of terrorists acquiring
		  shoulder-fired missiles.",International Affairs
"To provide for a general capital increase for the North American Development Bank, and for other
			 purposes.",International Affairs
"To posthumously award the Congressional Gold Medal, collectively, to Glen Doherty, Tyrone Woods, J. Christopher Stevens, and Sean Smith, in recognition of their contributions to the Nation.",International Affairs
"Condemning Russia’s unjust and arbitrary detention of Russian opposition leader Vladimir Kara-Murza who has stood up in defense of democracy, the rule of law, and free and fair elections in Russia.",International Affairs
"To combat international violence against
		  women and girls.",International Affairs
"To amend the Global Environmental

		  Protection Assistance Act of 1989 to promote international clean energy

		  development, to open and expand clean energy markets abroad, to engage

		  developing nations in the advancement of sustainable energy use and climate

		  change actions, and for other purposes.",International Affairs
"To modernize and streamline the public diplomacy capabilities of the Department of State, increase evaluation of public diplomacy programming, enhance strategic planning for the Department’s public diplomacy physical presence abroad, and for other purposes.",International Affairs
"To allow United States nationals and permanent residents
		  to visit family members in Cuba, and for other purposes.",International Affairs
Expressing the sense of the House of Representatives that the United States remains committed to the North Atlantic Treaty Organization (NATO).,International Affairs
"Welcoming home Keith Stansell, Thomas
		  Howes, and Marc Gonsalves, three citizens of the United States who were held
		  hostage for over five years by the Revolutionary Armed Forces of Colombia
		  (FARC) after their plane crashed on February 13, 2003.",International Affairs
To make amendments to the Iran Nonproliferation Act of 2000 related to International Space Station payments.,International Affairs
Condemning the use of toxic chemicals as weapons in the Syrian Arab Republic.,International Affairs
"To reauthorize the United States Commission on International Religious Freedom, and for other
			 purposes.",International Affairs
"Welcoming His Holiness, Hadhrat Mirza Masroor Ahmad, the worldwide spiritual head of the Ahmadiyya
			 Muslim Community, to the United States, including Pennsylvania, Maryland,
			 Texas, Virginia, and Washington, DC, and recognizing his commitment to
			 world peace, absolute justice, global unity among nations, nonviolence,
			 rejection of extremism, nuclear disarmament, elimination of weapon
			 profiteering, eradication of poverty, economic equity, service to
			 humanity, universal human rights, international religious freedom, and
			 democracy.",International Affairs
Providing for congressional disapproval of the proposed foreign military sale to the United Arab Emirates of certain defense articles and services.,International Affairs
"To clarify that it is United States policy to recognize Israel’s sovereignty over the Golan
			 Heights.",International Affairs
"Condemning continuing violations of
		  religious freedom in the Middle East, and for other purposes.",International Affairs
"To strengthen prohibitions regarding the Palestine Liberation Organization, and for other purposes.",International Affairs
"Directing the President, pursuant to section 5(c) of the War Powers Resolution, to remove all United States Armed Forces, other than United States Armed Forces assigned to protect the United States Embassy, from Somalia.",International Affairs
"Calling on the North Atlantic Treaty Organization (NATO) to invoke Article 5 of the North Atlantic
			 Treaty and conduct a military campaign against the Islamic State of Iraq
			 and Syria (ISIS).",International Affairs
To establish the John Lewis Civil Rights Fellowship to fund international internships and research placements for early- to mid-career professionals to study nonviolent movements to establish and protect civil rights around the world.,International Affairs
Observing the 30th anniversary of the fall of the Republic of Vietnam to the Communist forces of North Vietnam.,International Affairs
"To strengthen the North Atlantic Treaty
		  Organization.",International Affairs
"Directing the President pursuant to section 5(c) of the War Powers Resolution to remove United
			 States Armed Forces from hostilities in the Syrian Arab Republic that have
			 not been authorized by Congress.",International Affairs
"Expressing the sense of Congress that the Government of Turkmenistan should take immediate steps to improve its respect for human rights and democratic practices, in keeping with its international commitments and obligations.",International Affairs
"Designating March 8, 2005, as

		  International Women's Day.",International Affairs
"To amend the Foreign Assistance Act of 1961 to limit assistance to the Palestinian Authority, and for other purposes.",International Affairs
"Expressing the sense of the Senate with respect to enhanced relations with the Republic of Moldova
			 and support for the Republic of Moldova's territorial integrity. ",International Affairs
"Pledging continued support for

		  international hunger relief efforts and expressing the sense of the Senate that

		  the United States Government should use resources and diplomatic leverage to

		  secure food aid for countries that are in need of further assistance to prevent

		  acute and chronic hunger.",International Affairs
Expressing the sense of the House of Representatives encouraging the active engagement of Americans in world affairs and urging the Secretary of State to take the lead and coordinate with other governmental agencies and non-governmental organizations in creating an online database of international exchange programs and related opportunities.,International Affairs
"Expressing the sense of Congress that the
		  United States should sign the Declaration of the Oslo Conference on Cluster
		  Munitions and future instruments banning cluster munitions that cause
		  unacceptable harm to civilians.",International Affairs
Urging the Republic of Turkey to safeguard its Christian heritage and to return confiscated church properties.,International Affairs
"To amend the National Security Act of 1947 to establish a committee of the National Security Council on hostage recovery, and for other purposes.",International Affairs
"Honoring the life and work of Simon Wiesenthal and reaffirming the commitment of Congress to the fight against anti-Semitism and intolerance in all forms, in all forums, and in all nations.",International Affairs
"To allow travel between the United States and
		  Cuba.",International Affairs
"Expressing the sense of the House of
		  Representatives that the primary safeguard for the well-being and protection of
		  children is the family, and that the primary safeguards for the legal rights of
		  children in the United States are the Constitutions of the United States and
		  the several States, and that, because the use of international treaties to
		  govern policy in the United States on families and children is contrary to
		  principles of self-government and federalism, and that, because the United
		  Nations Convention on the Rights of the Child undermines traditional principles
		  of law in the United States regarding parents and children, the President
		  should not transmit the Convention to the Senate for its advice and
		  consent.",International Affairs
Expressing support for addressing the Arab-Israeli conflict in a concurrent track with the Israeli-Palestinian peace process and commending Arab and Muslim-majority states that have improved bilateral relations with Israel.,International Affairs
"Expressing the sense of Congress that the President should submit to the Senate for advice and
			 consent the climate change agreement proposed for adoption at the
			 twenty-first session of the Conference of the Parties to the United
			 Nations Framework Convention on Climate Change, to be held in Paris,
			 France from November 30 to December 11, 2015.",International Affairs
"To ensure payment of United States assessments for United

		  Nations peacekeeping operations in 2005 and 2006.",International Affairs
Expressing the sense of the House of Representatives on reaching an agreement on the future status of Kosovo.,International Affairs
"To prohibit United States contributions to the Intergovernmental Panel on Climate Change, the United Nations Framework Convention on Climate Change, and the Green Climate Fund.",International Affairs
"Resolution expressing support for the United Nations/African Union Hybrid operation in Darfur (UNAMID) and calling upon United Nations Member States and the international community to contribute the resources necessary to ensure the success of UNAMID, including troops and essential tactical and utility helicopters.",International Affairs
"Urging that the International Olympic Committee rebid the 2022 Olympic Winter Games, and expressing the sense of Congress that the United States Olympic & Paralympic Committee should not participate if the Games are held in the People’s Republic of China and that the United States Government should lead an international boycott if the Games are held in the People’s Republic of China, and for other purposes.",International Affairs
"To consolidate democracy and security in the Western
		  Balkans by supporting the Governments and people of Bosnia and Herzegovina and
		  Montenegro in reaching their goal of eventual NATO membership, and to welcome
		  further NATO partnership with the Republic of Serbia, and for other purposes.
		  ",International Affairs
Commemorating the 60th anniversary of the Korean independence movement and recognizing Korean National Liberation Day.,International Affairs
"To promote democracy and the rule of law in Nicaragua, and for other purposes.",International Affairs
"Expressing the sense of Congress for and
		  solidarity with the people of El Salvador as they persevere through the
		  aftermath of torrential rains which caused devastating flooding and deadly
		  mudslides.",International Affairs
"To amend the Foreign Assistance Act of 1961 to assist countries in sub-Saharan Africa in the effort to achieve internationally recognized goals in the treatment and prevention of HIV/AIDS and other major diseases and the reduction of maternal and child mortality by improving human health care capacity and improving retention of medical health professionals in sub-Saharan Africa, and for other purposes.",International Affairs
Commemorating the 25th anniversary of the peaceful and democratic reunification of Germany.,International Affairs
Supporting the goals of World AIDS Day.,International Affairs
"To amend the Atomic Energy Act of 1954 to require congressional approval of agreements for peaceful
			 nuclear cooperation with foreign countries, and for other purposes.",International Affairs
"Recognizing the destructive role of the
		  Government of Eritrea and calling on the Secretary of State to designate
		  Eritrea as a country that has provided support for international
		  terrorism.",International Affairs
"To authorize the use of United States Armed Forces against the Islamic State of Iraq and the Levant
			 and its associated forces.",International Affairs
"To provide for professional exchanges with Haiti, and for
		  other purposes.",International Affairs
"Expressing the sense of the House of
		  Representatives regarding the contributions of the Convention on International
		  Trade in Endangered Species of Wild Fauna and Flora.",International Affairs
"Reaffirming the commitment of the United
		  States to a negotiated settlement of the Israeli-Palestinian conflict through
		  direct Israeli-Palestinian negotiations, reaffirming opposition to the
		  inclusion of Hamas in a unity government unless it is willing to accept peace
		  with Israel and renounce violence, and declaring that Palestinian efforts to
		  gain recognition of a state outside direct negotiations demonstrates absence of
		  a good faith commitment to peace negotiations, and will have implications for
		  continued United States aid. ",International Affairs
"To require annual reports on allied contributions to the common defense, and for other purposes.",International Affairs
Calling on the President and the Secretary of State to oppose unequivocally any endorsement or further consideration of the Report of the United Nations Fact Finding Mission on the Gaza Conflict in multilateral fora.,International Affairs
"To impose sanctions with respect to foreign support for terrorist organizations, including Hamas and the Palestinian Islamic Jihad.",International Affairs
"To amend the Taiwan Allies International Protection and Enhancement Initiative (TAIPEI) Act of 2019 to provide that the United States, as a member of any international organizations, should oppose any attempts by the People’s Republic of China to resolve Taiwan’s status by distorting the decisions, language, policies, or procedures of the organization, and for other purposes.",International Affairs
"Congratulating Marcel Closset, a French citizen and former member of the French Resistance who was
			 instrumental in saving a United States Army Air Corps pilot during World
			 War II, for receiving the French Legion of Honor.",International Affairs
"To amend the Internal Revenue Code of 1986 to make
		  members of health care sharing ministries eligible to establish health savings
		  accounts.",Taxation
"To amend the Internal Revenue Code of 1986 to enhance the Child and Dependent Care Tax Credit and
			 make the credit fully refundable.",Taxation
"To amend the Internal Revenue Code of 1986 to extend the
		  research and development tax credit, to limit treaty benefits with respect to
		  certain deductible related-party payments, and to treat general aviation
		  aircraft as 7-year property.",Taxation
"To amend the Internal Revenue Code of 1986 to modify the
		  rehabilitation credit and the low-income housing credit.",Taxation
"To amend the Internal Revenue Code of 1986 to permanently allow a tax deduction at the time an investment is made in property used to extract critical minerals and metals from the United States, to modify the prohibition on the acquisition of certain sensitive materials from non-allied foreign nations, and for other purposes.",Taxation
"To amend the Internal Revenue Code of 1986 to extend the tax treatment of members of the Armed Forces who die while serving in, or as a result of serving in, a combat zone to employees of contractors of the Federal Government.",Taxation
"To amend the Internal Revenue Code of 1986 to modify the
		  penalty on the understatement of taxpayer’s liability by tax return
		  preparers.",Taxation
"To amend the Internal Revenue Code of 1986 to extend and
		  expand the deduction for certain expenses of elementary and secondary school
		  teachers.",Taxation
"To require that the Secretary of the Treasury establish a program for the issuance of identity
			 protection personal identification numbers.",Taxation
"To amend the Internal Revenue Code of 1986 to extend for one year the credit for energy-efficient 
existing homes.",Taxation
To treat payments by charitable organizations with respect to certain firefighters as exempt payments.,Taxation
"To amend the Internal Revenue Code of 1986 to clarify the proper treatment of differential wage payments made to employees called to active duty in the uniformed services, and for other purposes.",Taxation
"To clarify the application of the Small Business
		  Regulatory Enforcement Fairness Act to the Internal Revenue Service, to require
		  the Service to convene a regulatory review panel for certain rules, and for
		  other purposes.",Taxation
To provide further tax relief for Americans receiving bonuses.,Taxation
"To amend the Internal Revenue Code of 1986 to encourage
		  teachers to pursue teaching science, technology, engineering, and mathematics
		  subjects at elementary and secondary schools.",Taxation
"To amend the Internal Revenue Code of 1986 to provide for the tax-exempt financing of certain
			 government-owned buildings.",Taxation
"To amend the Internal Revenue Code of 1986 to make
		  permanent the penalty-free distributions from retirement plans to individuals
		  called to active duty and the election to include combat pay as earned income
		  for purposes of the earned income tax credit.",Taxation
"To amend the Internal Revenue Code of 1986 to reduce the mortgage interest deduction relating to
			 acquisition indebtedness for certain taxpayers.",Taxation
"To amend the Internal Revenue Code of 1986 to provide an exemption from gross income for civil
			 damages as recompense for trafficking in persons.",Taxation
"To amend the Internal Revenue Code of 1986 to modify the rules applicable to length of service
			 award plans.",Taxation
"To amend the Internal Revenue Code of 1986 to extend and
		  expand tax incentives that promote affordable education.",Taxation
To amend the Internal Revenue Code of 1986 to create a tax credit for foster families.,Taxation
"To amend the Internal Revenue Code of 1986 to exclude
		  certain farm rental income from net earnings from self-employment if the
		  taxpayer enters into a lease agreement relating to such
		  income.",Taxation
"To provide incentive for employers to hire
		  service-connected disabled veterans and to improve adjustment assistance and
		  job-training transition for injured and disabled veterans, and for other
		  purposes.",Taxation
"To amend the Internal Revenue Code of 1986 to provide notice to charities and other nonprofit
			 organizations before their tax-exempt status is automatically revoked.",Taxation
"To amend the Internal Revenue Code of 1986 to provide
		  that the value of certain historic property shall be determined using an income
		  approach in determining the taxable estate of a decedent.",Taxation
To amend the Internal Revenue Code of 1986 to ensure that pass-through businesses do not pay tax at a higher rate than corporations.,Taxation
"To amend the Internal Revenue Code of 1986 to increase
		  the alternative tax liability limitation for small property and casualty
		  insurance companies.",Taxation
"To amend the Internal Revenue Code of 1986 to restore the
		  deduction for the travel expenses of a taxpayer’s spouse who accompanies the
		  taxpayer on business travel.",Taxation
"To amend the Internal Revenue Code of 1986 to allow a
		  credit against tax for qualified manufacturing facility construction
		  costs.",Taxation
"To amend the Internal Revenue Code of 1986 to increase the deduction for certain expenses of
			 elementary and secondary school teachers.",Taxation
"To amend the Internal Revenue Code of 1986 to exclude
		  from gross income discharges of student loans the repayment of which is income
		  contingent or income based.",Taxation
"To amend the Internal Revenue Code of 1986 to allow a credit against income tax for amounts paid by
			 a spouse of a member of the Armed Forces for a new State license or
			 certification required by reason of a permanent change in the duty station
			 of such member to another State.",Taxation
"To amend the Internal Revenue Code of 1986 to provide for
		  the tax treatment of ABLE accounts established under State programs for the
		  care of family members with disabilities, and for other
		  purposes.",Taxation
"To amend the Internal Revenue Code of 1986 to provide a
		  5-year recovery period for computer-based gambling machines.",Taxation
"To amend the Internal Revenue Code of 1986 to allow a
		  credit against income tax for recycling or remanufacturing
		  equipment.",Taxation
"To amend the Internal Revenue Code of 1986 to expand
		  expenses which qualify for the Hope Scholarship Credit and to make the Hope
		  Scholarship Credit and the Lifetime Learning Credit
		  refundable.",Taxation
"To amend the Internal Revenue Code of 1986 to expand tax-free distributions from individual
			 retirement accounts to include rollovers for charitable life-income plans
 for charitable purposes.",Taxation
"To prohibit the Internal Revenue Service from using
		  private debt collection companies, and for other purposes.",Taxation
"To amend the Internal Revenue Code of 1986 to treat qualified alternative commuter programs as an
			 excludable qualified transportation fringe benefit.",Taxation
"To amend the Internal Revenue Code of 1986 to limit
		  certain executive compensation paid by systemically significant financial
		  institutions.",Taxation
"To amend the Internal Revenue Code of 1986 to provide for S corporation reform, and for other
			 purposes.",Taxation
"To amend the Internal Revenue Code of 1986 to allow members of the Ready Reserve of a reserve
			 component of the Armed Forces to make elective deferrals on the basis of
			 their service to the Ready Reserve and on the basis of their other
			 employment.",Taxation
To amend the Internal Revenue Code of 1986 to provide emergency family relief in response to the outbreak of the NCOV–19.,Taxation
"To exclude $125,000 ($250,000 in the case of a joint
		  return) of taxable income from the individual Federal income tax for 2008 and
		  to reduce the rates of tax on income subject to Federal income tax for
		  2008.",Taxation
"To amend the Internal Revenue Code of 1986 to deny all
		  deductions for business expenses associated with the use of a club that
		  discriminates on the basis of sex, race, or color.",Taxation
To amend the Internal Revenue Code of 1986 to permanently extend the qualified fuel cell motor vehicles credit.,Taxation
"To amend the Internal Revenue Code of 1986 to extend the
		  first-time homebuyer tax credit.",Taxation
"To reduce the deficit and protect important programs by
		  ending tax loopholes.",Taxation
To amend the Internal Revenue Code of 1986 to allow charitable organizations to make statements relating to political campaigns if such statements are made in the ordinary course of carrying out its tax exempt purpose.,Taxation
"To amend the Internal Revenue Code of 1986
		  to expand the availability of industrial development bonds to facilities
		  manufacturing intangible property.",Taxation
"To amend the Internal Revenue Code of 1986 to exclude
		  from gross income compensation received by employees consisting of qualified
		  distributions of employer stock.",Taxation
To amend the Internal Revenue Code of 1986 to improve 529 plans.,Taxation
"To amend the Internal Revenue Code of 1986 to provide for
		  the limited continuation of clean energy production incentives and incentives
		  to improve energy efficiency in order to prevent a downturn in these sectors
		  that would result from a lapse in the tax law.",Taxation
To designate the Kissimmee Gateway Airport and certain surrounding areas as an enterprise community.,Taxation
"To amend the Internal Revenue Code of 1986 to provide for
		  a refundable adoption tax credit.",Taxation
"To make Internal Revenue Service Criminal Investigation a distinct entity within the Department of the Treasury, and for other purposes.",Taxation
"To amend the Internal Revenue Code of 1986 to provide tax
		  incentives for the donation of wild game meat.",Taxation
To amend the Internal Revenue Code of 1986 to extend the deduction for qualified clean-fuel vehicle refueling property and to amend the Clean Air Act to make ethanol fuels more available to motorists.,Taxation
To amend the Internal Revenue Code of 1986 to provide a 100 percent deduction for the health insurance costs of individuals.,Taxation
To amend the Internal Revenue Code of 1986 to exclude certain dependent income when calculating modified adjusted gross income for the purposes of eligibility for premium tax credits.,Taxation
To amend the Internal Revenue Code of 1986 to temporarily reduce the excise tax on diesel fuel and kerosene to the rate applicable to gasoline.,Taxation
"To amend the Internal Revenue Code of 1986

		  to increase tax benefits for parents with children, and for other

		  purposes.",Taxation
"To amend the Internal Revenue Code of 1986 to increase the deduction allowed for student loan
			 interest.",Taxation
"To repeal the sunset on the reduction of
		  capital gains rates for individuals and on the taxation of dividends of
		  individuals at capital gain rates.",Taxation
"To amend the Internal Revenue Code of 1986 to make

		  permanent the deduction of State and local general sales

		  taxes.",Taxation
"To amend the Internal Revenue Code of 1986 to provide tax relief for small businesses, and for other purposes.",Taxation
"To amend the Internal Revenue Code of 1986 to provide for
		  an enhanced credit to individuals who place qualified solar electric property
		  in service in 2009.",Taxation
To amend the Internal Revenue Code of 1986 to establish qualified down payment savings programs.,Taxation
"To amend the Internal Revenue Code of 1986 to strengthen
		  the earned income tax credit.",Taxation
To amend the Internal Revenue Code of 1986 to restrict the disclosure information by tax return preparers to third party entities and to prohibit private tax collection contracts.,Taxation
"To amend the Internal Revenue Code of 1986 to permanently
		  extend existing elective tax treatment for Alaska Native Settlement
		  Trusts.",Taxation
"To amend the Internal Revenue Code of 1986 to make the look-thru rule for related controlled
			 foreign corporations permanent.",Taxation
To amend the Internal Revenue Code of 1986 to exempt distilled spirits plants from denaturing requirements with respect to hand sanitizer produced to help combat COVID–19.,Taxation
"To amend the Internal Revenue Code of 1986 to provide an above-the-line deduction for child care
			 expenses, and for other purposes.",Taxation
"To amend the Internal Revenue Code of 1986 to include student loan repayers as members of targeted
			 groups for purposes of the work opportunity credit and to provide for a
			 credit against tax for student loan program startup costs.",Taxation
"To amend the Internal Revenue Code of 1986 to impose an excise tax on employers with low-wage
			 employees.",Taxation
To amend the Internal Revenue Code of 1986 to allow a temporary dividends received deduction for dividends received from a controlled foreign corporation.,Taxation
"To limit the authority of States and localities to tax
		  certain income of employees for employment duties performed in other States and
		  localities.",Taxation
"To amend the Internal Revenue Code of 1986 to increase
		  the credit for employers establishing workplace child care facilities, to
		  increase the child care credit to encourage greater use of quality child care
		  services, to provide incentives for students to earn child care-related degrees
		  and to work in child care facilities, and to increase the exclusion for
		  employer-provided dependent care assistance.",Taxation
"To amend the Internal Revenue Code of 1986 to allow an above-the-line deduction for attorney fees
			 and costs in connection with civil claim awards.",Taxation
"To require the Joint Committee on Taxation to analyze each tax expenditure identified in its annual tax expenditure report for equity, efficiency, and ease of administration.",Taxation
"To amend the Internal Revenue Code of 1986 to extend certain tax credits related to electric cars,
			 and for other purposes.",Taxation
"To amend the Internal Revenue Code of 1986 to repeal the excise tax on medical devices, and for
			 other purposes.",Taxation
"To amend the Internal Revenue Code of 1986 to provide tax incentives to meet the needs of the
			 American manufacturing workforce, and for other purposes.",Taxation
"To amend the Internal Revenue Code of 1986 to establish a
		  program to populate downloadable tax forms with taxpayer return
		  information.",Taxation
"To repeal the excise tax on medical device
		  manufacturers.",Taxation
"To amend the Internal Revenue Code of 1986 to disallow certain biodiesel and alternative fuel tax
			 credits for fuels derived from animal fats.",Taxation
To amend the Internal Revenue Code of 1986 to establish a program to populate downloadable tax forms with taxpayer return information.,Taxation
"To amend the Internal Revenue Code of 1986
		  to modify and permanently extend the incentives to reinvest foreign earnings in
		  the United States.",Taxation
 To exclude Social Security benefits from taxable income.,Taxation
To amend the Internal Revenue Code of 1986 to impose a tax on fossil fuels and to use the revenues for economic benefit.,Taxation
"To amend the Internal Revenue Code of 1986 to impose a
		  vehicle mileage tax for mobile mounted concrete boom pumps in lieu of the tax
		  on taxable fuels, and for other purposes.",Taxation
"To amend the Internal Revenue Code of 1986 to exclude
		  from gross income discharges of student loans the repayment of which is income
		  contingent or income based.",Taxation
To amend the Internal Revenue Code of 1986 to modify the tax rate for excise tax on investment income of private foundations.,Taxation
"To amend the Internal Revenue Code of 1986 to extend
		  certain expiring provisions, and for other purposes.",Taxation
"To restrict the use of offshore tax havens and abusive
		  tax shelters to inappropriately avoid Federal taxation, and for other
		  purposes.",Taxation
"Proposing an amendment to the Constitution of the United States to repeal the sixteenth article of
			 amendment.",Taxation
"To amend the Internal Revenue Code of 1986 to allow
		  individuals to designate that their income, estate, or gift tax payments be
		  spent other than for purposes of supporting the war in Iraq and to provide that
		  amounts so designated shall be used to provide funding for Head Start, to
		  reduce the national debt, and to provide college funding for children of Iraq
		  war veterans.",Taxation
"To amend the Internal Revenue Code of 1986 to establish a
		  new Small Business Savings Account.",Taxation
"To amend the Internal Revenue Code of 1986 to qualify
		  formerly homeless youth who are students for purposes of low income housing tax
		  credit.",Taxation
"To amend the Internal Revenue Code of 1986 to modify the
		  energy credit for microturbine property.",Taxation
"To amend the Internal Revenue Code of 1986 to extend the refined coal production tax credit and
			 modify the qualifying advanced coal project credit.",Taxation
"To amend the Internal Revenue Code of 1986 to provide tax benefits to individuals who have been
			 wrongfully incarcerated.",Taxation
"To amend the Internal Revenue Code of 1986 to require that certain tax refunds be made by
			 electronic funds transfer, and for other purposes.",Taxation
"To amend the Internal Revenue Code of 1986 to extend the energy credit for certain property under
			 construction.",Taxation
"To amend the Internal Revenue Code of 1986 to provide for an investment tax credit related to the
			 production of electricity from offshore wind. ",Taxation
"To amend title 31, United States Code, to prohibit the Internal Revenue Service from carrying out
			 seizures relating to a structuring transaction unless the property to be
			 seized derived from an illegal source or the funds were structured for the
			 purpose of concealing the violation of another criminal law or regulation,
			 to require notice and a post-seizure hearing for such seizures, and for
			 other purposes.",Taxation
"To amend the Internal Revenue Code of 1986 to provide a
		  credit against tax for increased homeowners insurance premiums suffered by
		  certain coastal homeowners or resulting from hurricane events.",Taxation
"To amend the Internal Revenue Code to impose an excise tax on opioid manufacturers, to make the funds collected through such tax available for opioid (including heroin) abuse prevention and treatment programs, and for other purposes.",Taxation
"To amend the Internal Revenue Code of 1986 to modify certain rules applicable to qualified small issue manufacturing bonds, to expand certain exceptions to the private activity bond rules for first-time farmers, and for other purposes.",Taxation
"To amend the Internal Revenue Code of 1986 to provide for
		  S corporation reform, and for other purposes.",Taxation
"To amend the Internal Revenue Code of 1986 to require that ITIN applicants submit their application
			 in person at taxpayer assistance centers, and for other purposes.",Taxation
To amend the Internal Revenue Code of 1986 to expand the small employer health insurance credit.,Taxation
"To amend the Internal Revenue Code of 1986 to treat certain amounts paid for physical activity, fitness, and exercise as amounts paid for medical care.",Taxation
"To amend the Internal Revenue Code of 1986 to allow a
		  one-time, $1,500 credit against income tax for the purchase an automobile
		  manufactured in the United States.",Taxation
"To amend the Internal Revenue Code of 1986 to provide
		  more help to Alzheimer’s disease caregivers.",Taxation
"To amend the Internal Revenue Code of 1986 to reduce taxpayer burdens and enhance taxpayer
			 protections, and for other purposes.",Taxation
"To amend the Internal Revenue Code of 1986 to eliminate the taxable income limit on percentage
			 depletion for oil and natural gas produced from marginal properties.",Taxation
"To exclude individuals who receive health insurance
		  coverage pursuant to the terms of a collective bargaining agreement from tax
		  credits and reductions in cost-sharing under the Patient Protection and
		  Affordable Care Act.",Taxation
"To amend the Internal Revenue Code of 1986 to allow members of the Ready Reserve of a reserve
			 component of the Armed Forces to make elective deferrals on the basis of
			 their service to the Ready Reserve and on the basis of their other
			 employment.",Taxation
"To amend the Internal Revenue Code of 1986 to restore age
		  14 as the age at which unearned income of minor children ceases to be taxed as
		  if parent’s income.",Taxation
To amend the Internal Revenue Code of 1986 to provide an age rating adjustment to the applicable percentage used to determine the credit for coverage under qualified health plans.,Taxation
"To amend the Internal Revenue Code of 1986 to provide for current year inclusion of net CFC tested income, and for other purposes.",Taxation
"To amend the Internal Revenue Code of 1986 to repeal the
		  excise tax on medical devices.",Taxation
To amend the Internal Revenue Code of 1986 to provide a credit against income tax to physicians who serve a substantial number of medicare beneficiaries in rural areas.,Taxation
"To repeal the annual fee on health insurance providers
		  enacted by the Patient Protection and Affordable Care Act.",Taxation
"To amend the Internal Revenue Code of 1986 to encourage retirement and family savings, and for
			 other purposes.",Taxation
To amend the Internal Revenue Code of 1986 to provide for an investment tax credit related to the production of electricity from offshore wind.,Taxation
To allow certain coal exporters to directly claim a refund of the excise tax unconstitutionally imposed on coal exported by such exporters.,Taxation
"To amend the Internal Revenue Code of 1986 to make higher education more affordable, and for other purposes.",Taxation
"To amend the Internal Revenue Code of 1986 to facilitate
		  water leasing and water transfers to promote conservation and
		  efficiency.",Taxation
"To amend the Internal Revenue Code of 1986 to provide equitable treatment for residents of Puerto
			 Rico with respect to the refundable portion of the child tax credit and to
			 provide the same treatment to families in Puerto Rico with one child or
			 two children that is currently provided to island families with three or
			 more children.",Taxation
"To amend the Internal Revenue Code of 1986 to reduce the
		  tax on beer to its pre-1991 level, and for other purposes.",Taxation
"To amend the Internal Revenue Code of 1986 to expand and
		  make permanent the standard deduction for real property taxes.",Taxation
"To amend the Internal Revenue Code of 1986 to provide a

		  credit to certain agriculture-related businesses for the cost of protecting

		  certain chemicals.",Taxation
"To amend the Internal Revenue Code of 1986 to provide for
		  the taxation of income of controlled foreign corporations attributable to
		  imported property.",Taxation
"Expressing the opposition of Congress to
		  Federal efforts to establish a carbon tax on fuels for electricity and
		  transportation.",Taxation
To amend the Internal Revenue Code of 1986 to extend the financing of the Superfund.,Taxation
To amend the Internal Revenue Code of 1986 to provide a tax credit for property owners who remove lead-based paint hazards.,Taxation
"To amend the Internal Revenue Code of 1986 to improve the
		  rules relating to income earned abroad.",Taxation
"To amend the Internal Revenue Code of 1986
		  to provide a tax incentive to individuals teaching in elementary and secondary
		  schools located in rural or high unemployment areas and to individuals who
		  achieve certification from the National Board for Professional Teaching
		  Standards, and for other purposes.",Taxation
"To provide that CARES Act Provider Relief Fund payments are not includible in gross income, and for other purposes.",Taxation
To amend the Internal Revenue Code of 1986 to classify automatic fire sprinkler systems as 5-year property for purposes of depreciation.,Taxation
"To amend the Internal Revenue Code of 1986 to clarify the
		  capital gain or loss treatment of the sale or exchange of mitigation credits
		  earned by restoring wetlands, and for other purposes.",Taxation
"To amend the Internal Revenue Code of 1986 to allow
		  individuals a refundable credit against income tax for the purchase of private
		  health insurance, and for other purposes.",Taxation
"To amend the Internal Revenue Code of 1986 to increase certain fuel taxes and to strengthen the
			 earned income tax credit and make permanent certain tax provisions under
			 the American Recovery and Reinvestment Act of 2009.",Taxation
"To amend the Internal Revenue Code of 1986 to extend the financing for Superfund for purposes of cleanup activities with respect to those Superfund sites for which removal and remedial action is estimated to cost more than $50,000,000, and for other purposes.",Taxation
"To reduce the deficit by imposing a minimum effective tax
		  rate for high-income taxpayers.",Taxation
"To amend the Internal Revenue Code of 1986 to lower the mileage threshold for deduction in
			 determining adjusted gross income of certain expenses of members of
			 reserve components of the Armed Forces, and for other purposes.",Taxation
"To amend the Internal Revenue Code of 1986 to increase retirement savings, to improve retirement plan administration, and for other purposes.",Taxation
"To amend the Internal Revenue Code of 1986 to modify the
		  incentives for the production of biodiesel.",Taxation
To amend the Internal Revenue Code of 1986 to treat certain payments made to the European Union in lieu of income taxes to a member of the European Union as income taxes paid to a foreign country for purposes of the foreign tax credit.,Taxation
"To amend the Internal Revenue Code of 1986 to require public disclosure of individual tax returns
			 of candidates for President and Vice President of the United States.",Taxation
"To amend the Internal Revenue Code of 1986 to impose a surtax on corporations with significant
			 disparities in employee wages.",Taxation
To amend the Internal Revenue Code of 1986 to provide an exemption from the air transportation tax for certain transportation by seaplanes.,Taxation
To amend the Internal Revenue Code of 1986 to repeal the estate and generation-skipping transfer taxes.,Taxation
"To amend the Internal Revenue Code of 1986 to exclude corporations operating prisons from the
			 definition of taxable REIT subsidiary.",Taxation
"To amend the Internal Revenue Code of 1986 to allow full
		  expensing for the cost of qualified refinery property in the year in which the
		  property is placed in service, and to classify petroleum refining property as
		  5-year property for purposes of depreciation.",Taxation
"To amend the Internal Revenue Code of 1986 to make the credit for prior year minimum tax liability refundable for individuals after a period of years, to require returns with respect to certain stock options, and for other purposes.",Taxation
"To amend the Internal Revenue Code of 1986 to extend and improve the Indian coal production tax
			 credit.",Taxation
"To prohibit the Secretary of the Treasury from enforcing
		  the Patient Protection and Affordable Care Act and the Health Care and
		  Education Reconciliation Act of 2010.",Taxation
"To amend the Internal Revenue Code of 1986 to include
		  automated fire sprinkler systems as section 179 property and classify certain
		  automated fire sprinkler systems as 15-year property for purposes of
		  depreciation.",Taxation
"To amend the Internal Revenue Code of 1986 to allow a
		  deduction for care packages provided for soldiers in combat
		  zones.",Taxation
To amend the Internal Revenue Code of 1986 to exclude from gross income the proceeds from certain company-owned life insurance.,Taxation
To amend the Internal Revenue Code of 1986 to allow a deduction for expenses related to the purchase and installation of qualifying electronic premise security systems.,Taxation
"To amend the Internal Revenue Code of 1986 to allow an
		  above-the-line deduction for attorney fees and costs in connection with civil
		  claim awards.",Taxation
"To amend the Internal Revenue Code of 1986 to provide a
		  temporary increase in the new qualified hybrid motor vehicle credit for school
		  buses.",Taxation
"To amend the Internal Revenue Code of 1986 to encourage
		  domestic insourcing and discourage foreign outsourcing.",Taxation
"To amend the Internal Revenue Code of 1986 to allow a
		  credit against income tax for amounts paid by a spouse of a member of the Armed
		  Forces for a new State license or certification required by reason of a
		  permanent change in the duty station of such member to another
		  State.",Taxation
"To amend the Internal Revenue Code of 1986 to provide for an exclusion for assistance provided to
			 participants in certain veterinary student loan repayment or forgiveness
			 programs.",Taxation
To amend the Internal Revenue Code of 1986 to expand expensing for small business.,Taxation
To amend the Internal Revenue Code of 1986 to allow look-through treatment of payments between related foreign corporations.,Taxation
"To amend the Internal Revenue Code of 1986 to restore the
		  Highway Trust Fund balance.",Taxation
"To amend the Internal Revenue Code of 1986 to establish a new status for certain tax-exempt
			 organizations with administrative expenses not exceeding 25 percent of
			 contributions.",Taxation
"To amend the Internal Revenue Code of 1986 to reduce the
		  tax on beer to its pre-1991 level, and for other purposes.",Taxation
"To provide for 100 percent expensing for capital property
		  placed in service on or after September 8, 2010, and before
		  2012.",Taxation
To amend title 4 of the United States Code to prohibit the double taxation of telecommuters and others who work at home.,Taxation
To amend the Internal Revenue Code of 1986 to provide tax relief for small businesses.,Taxation
To amend the Internal Revenue Code of 1986 to provide an increased exclusion of gain from the sale of a principal residence by certain widows and widowers.,Taxation
"To amend the Internal Revenue Code of 1986 to allow for the inclusion of additional expenses in dependent care FSAs, and for other purposes.",Taxation
"To affirm the religious freedom of taxpayers who are conscientiously opposed to participation in war, to provide that the income, estate, or gift tax payments of such taxpayers be used for nonmilitary purposes, to create the Religious Freedom Peace Tax Fund to receive such tax payments, to improve revenue collection, and for other purposes.",Taxation
"To amend the Internal Revenue Code of 1986 to extend the
		  new markets tax credit through 2016, and for other purposes.",Taxation
"To restrict the use of abusive tax shelters

		  and offshore tax havens to inappropriately avoid Federal taxation, and for

		  other purposes.",Taxation
To amend the Internal Revenue Code of 1986 to create Universal Savings Accounts.,Taxation
"To amend the Internal Revenue Code of 1986
		  to extend the exclusion from gross income for employer-provided health coverage
		  to designated plan beneficiaries of employees, and for other
		  purposes.",Taxation
"To amend the Internal Revenue Code of 1986 to extend for two years the credit for combined heat and
			 power system property.",Taxation
"To amend the Internal Revenue Code of 1986
		  to increase the above-the-line deduction for teacher classroom supplies and to
		  expand such deduction to include qualified professional development
		  expenses.",Taxation
"To amend the Internal Revenue Code of 1986 to provide a
		  4-year extension of the deduction for tuition and related
		  expenses.",Taxation
To limit the development or implementation of a return-free tax system.,Taxation
"To amend the Internal Revenue Code of 1986 to allow
		  individuals to designate overpayments of income tax for disaster
		  relief.",Taxation
"To amend the Internal Revenue Code of 1986 to allow
		  employers a credit against income tax equal to 50 percent of the compensation
		  paid to employees while they are performing active duty service as members of
		  the Ready Reserve or the National Guard and of the compensation paid to
		  temporary replacement employees.",Taxation
To ensure that tax return preparers demonstrate minimum standards of competency.,Taxation
"To amend the Internal Revenue Code of 1986 to reinstate the financing for the Hazardous Substance
			 Superfund, and for other purposes.",Taxation
"To limit the authority of States or other taxing jurisdictions to tax certain income of employees for employment duties performed in other States or taxing jurisdictions, and for other purposes.",Taxation
"To amend the Internal Revenue Code of 1986 to facilitate nationwide availability of volunteer
			 income tax assistance for low-income and underserved populations.",Taxation
"To amend the Internal Revenue Code of 1986 to prohibit
		  the Secretary of the Treasury from requiring that taxpayers reconcile amounts
		  with respect to reportable payment transactions to amounts related to gross
		  receipts and sales.",Taxation
"To amend the Internal Revenue Code of 1986 to repeal the percentage depletion allowance for certain
			 hardrock mines.",Taxation
"To amend the Employee Retirement and Income Security Act of 1974 and the Internal Revenue Code of
			 1986 to provide for the electronic delivery of pension plan information.",Taxation
To amend the Internal Revenue Code of 1986 to encourage charitable contributions of real property for conservation purposes by Native Corporations.,Taxation
"To provide for reconciliation pursuant to title II of the concurrent resolution on the budget for
			 fiscal year 2018.",Taxation
"To amend the Internal Revenue Code of 1986 to allow a
		  $2,000 refundable credit for individuals who are active members of volunteer
		  firefighting and emergency medical service organizations.",Taxation
"To amend the Internal Revenue Code of 1986 to allow the deduction for charitable contributions as
			 an above-the-line deduction.",Taxation
To allow 2020 recovery rebates with respect to qualifying children over the age of 16.,Taxation
"To amend the Internal Revenue Code of 1986 to improve and
		  extend certain energy-related tax provisions, and for other
		  purposes.",Taxation
To repeal certain tax provisions of the Energy Policy Act of 2005.,Taxation
To amend the Internal Revenue Code of 1986 to provide a credit and a deduction for small political contributions.,Taxation
To amend the Internal Revenue Code of 1986 to allow a credit against income tax for equity investments in high technology small business concerns.,Taxation
"To amend the Internal Revenue Code of 1986

		  to exclude from gross income the gain from the sale of a principal residence by

		  certain employees of the intelligence community.",Taxation
To amend the Internal Revenue Code of 1986 to restore the deduction for the travel expenses of a taxpayer’s spouse who accompanies the taxpayer on business travel.,Taxation
"To amend the Internal Revenue Code of 1986 to exempt
		  certain stock of real estate investment trusts from the tax on foreign
		  investments in United States real property interests, and for other
		  purposes.",Taxation
To amend the Internal Revenue Code of 1986 to extend the financing of the Superfund.,Taxation
"To amend the Internal Revenue Code of 1986 to repeal the inclusion of certain fringe benefit
			 expenses for which a deduction is disallowed in unrelated business taxable
			 income.",Taxation
"To make the Economic Growth and Tax Relief Reconciliation
		  Act of 2001 and certain other tax benefits permanent law.",Taxation
"To amend the Internal Revenue Code of 1986 to provide
		  that a deduction equal to fair market value shall be allowed for charitable
		  contributions of literary, musical, artistic, or scholarly compositions created
		  by the donor.",Taxation
"To amend the Internal Revenue Code of 1986 to ensure that working families have access to
			 affordable health insurance coverage.",Taxation
To amend the Internal Revenue Code of 1986 to extend for one year the employer wage credit for employees who are active duty members of the uniformed services.,Taxation
To amend the Internal Revenue Code of 1986 to exempt certain transportation provided by seaplanes from the excise tax imposed on the transportation of persons by air.,Taxation
"To provide a permanent deduction for State and local
		  general sales taxes.",Taxation
"To amend the Internal Revenue Code of 1986 to provide for the proper tax treatment of personal
			 service income earned in pass-thru entities.",Taxation
"To amend the Internal Revenue Code of 1986 to allow for distributions from 529 accounts for
 expenses associated with registered apprenticeship programs.",Taxation
"To amend the Internal Revenue Code of 1986 to allow individuals with direct primary care service arrangements to remain eligible individuals for purposes of health savings accounts, and for other purposes.",Taxation
To amend the Internal Revenue Code of 1986 to permit rollovers from retirement plans to health savings accounts.,Taxation
"To amend the Internal Revenue Code of 1986 to provide
		  that solar energy property need not be located on the property with respect to
		  which it is generating electricity in order to qualify for the residential
		  energy efficient property credit.",Taxation
"To amend the Internal Revenue Code of 1986 to make
		  permanent the deduction of State and local general sales
		  taxes.",Taxation
"To amend the Internal Revenue Code of 1986 to repeal certain rules related to the determination of
			 unrelated business taxable income.",Taxation
"To amend the Internal Revenue Code of 1986 to improve the Historic Rehabilitation Tax Credit, and
			 for other purposes.",Taxation
"To amend the Internal Revenue Code of 1986 to provide a
		  tax deduction for itemizers and nonitemizers for expenses relating to home
		  schooling.",Taxation
"To amend the Internal Revenue Code of 1986 to provide an exemption to the employer health insurance
			 mandate for small businesses which are experiencing hardship.",Taxation
"To amend the Internal Revenue Code of 1986 to make permanent the work opportunity tax credit and to
			 allow the transfer of such credit in the case of contracted veterans.",Taxation
"To amend the Internal Revenue Code of 1986 to provide a
		  special depreciation allowance and recovery period for noncommercial aircraft
		  property.",Taxation
"To amend the Internal Revenue Code of 1986 to extend the
		  first-time homebuyer tax credit, and for other purposes.",Taxation
"To amend the Internal Revenue Code of 1986
		  to provide that major oil and gas companies will not be eligible for the
		  effective rate reductions enacted in 2004 for domestic
		  manufacturers.",Taxation
"To amend the Internal Revenue Code of 1986 to modify the
		  exception from the 10-percent penalty for early withdrawals from governmental
		  plans for Federal and State qualified public safety employees.",Taxation
"Proposing an amendment to the Constitution of the United
		  States to limit the power of Congress to impose a tax on a failure to purchase
		  goods or services.",Taxation
"To amend the Internal Revenue Code of 1986 to broaden the special rules for certain governmental
			 plans under section 105(j) to include plans established by political
			 subdivisions.",Taxation
"To amend the Internal Revenue Code of 1986 to impose a
		  temporary windfall profit tax on crude oil, to make the revenues from such tax
		  available for investments in renewable energy and energy efficiency, and for
		  other purposes.",Taxation
To amend the Internal Revenue Code of 1986 to make permanent the deduction for contributions of food inventory by all corporations.,Taxation
"To amend the Internal Revenue Code of 1986 to provide further tax incentives for dependent care
			 assistance.",Taxation
"To provide an exclusion from gross income for certain workers, and for other purposes.",Taxation
"To permanently extend the 2001 and 2003 tax
		  cuts.",Taxation
"To amend the Internal Revenue Code of 1986 to provide the
		  same capital gains treatment for art and collectibles as for other investment
		  property and to provide that a deduction equal to fair market value shall be
		  allowed for charitable contributions of literary, musical, artistic, or
		  scholarly compositions created by the donor.",Taxation
"To amend the Internal Revenue Code of 1986

		  to exclude from gross income amounts paid on behalf of Federal employees and

		  members of the Armed Forces on active duty under Federal student loan repayment

		  programs.",Taxation
"To amend the Public Health Service Act, the Employee Retirement Income Security Act of 1974, and the Internal Revenue Code of 1986 to provide for certain health coverage of newborns.",Taxation
"To amend the Internal Revenue Code of 1986 to add human
		  papillomavirus vaccines to the list of taxable vaccines for purposes of the
		  Vaccine Injury Compensation Trust Fund.",Taxation
"To amend the Internal Revenue Code of 1986 to exclude
		  executive branch officers and employees from nonrecognition rules relating to
		  the sale of property to comply with conflict-of-interest
		  requirements.",Taxation
To amend the Internal Revenue Code of 1986 to provide incentives for building homeless shelters in areas warranting assistance due to incidents of national significance.,Taxation
"To amend the Internal Revenue Code of 1986 to provide for a gasoline tax holiday, and for other purposes.",Taxation
"To clarify the tax treatment of certain payments made to
		  homeowners by the Louisiana Recovery Authority and the Mississippi Development
		  Authority.",Taxation
"To amend the Internal Revenue Code of 1986 to repeal the excise tax on high cost employer-sponsored
			 health coverage.",Taxation
"To amend the Internal Revenue Code of 1986 to allow the
		  estate of a decedent to use the capital loss carryover of the decedent as a
		  deduction against estate tax.",Taxation
"To amend the Internal Revenue Code of 1986 to disallow
		  deductions for the payment of punitive damages, and for other
		  purposes.",Taxation
"To amend the Internal Revenue Code of 1986 to allow individuals with direct primary care service
			 arrangements to remain eligible individuals for purposes of health savings
			 accounts, and for other purposes.",Taxation
To provide for improved coordination between the paycheck protection program and the employee retention tax credit.,Taxation
"To amend the Internal Revenue Code of 1986 to provide a credit against tax for job training
			 expenses of employers.",Taxation
To amend the Internal Revenue Code of 1986 to provide a tax credit for expenses for household and elder care services necessary for gainful employment.,Taxation
To prevent homeowners from being forced to pay taxes on forgiven mortgage loan debt.,Taxation
"To amend the Internal Revenue Code of 1986 to allow
		  volunteer firefighters a deduction for personal safety
		  clothing.",Taxation
"To amend the Internal Revenue Code of 1986 to expand and
		  improve the dependent care tax credit.",Taxation
"To amend the Internal Revenue Code of 1986 to improve the operation of employee stock ownership plans, and for other purposes.",Taxation
"To amend the Internal Revenue Code of 1986 to extend and modify the tax credit for electric vehicle
			 recharging property.",Taxation
"To reduce Federal spending and the deficit by terminating taxpayer financing of Presidential
			 election campaigns.",Taxation
"To amend the Internal Revenue Code of 1986 to provide for current year inclusion of net CFC tested
			 income, and for other purposes.",Taxation
"To amend the Internal Revenue Code of 1986 to increase the above-the-line deduction for certain
			 expenses of elementary and secondary school teachers.",Taxation
"To amend the Internal Revenue Code of 1986 to permanently
		  extend and expand the charitable deduction for contributions of food
		  inventory.",Taxation
"To amend the Internal Revenue Code of 1986 to increase and make permanent the exclusion for
			 benefits provided to volunteer firefighters and emergency medical
			 responders.",Taxation
"To amend the Internal Revenue Code of 1986 to permanently extend the 15-year recovery period for
			 qualified leasehold improvement property, qualified restaurant property,
			 and qualified retail improvement property.",Taxation
To amend the Internal Revenue Code of 1986 to encourage guaranteed lifetime income payments from annuities and similar payments of life insurance proceeds at dates later than death by excluding from income a portion of such payments.,Taxation
"To amend the Internal Revenue Code of 1986 to provide for carbon dioxide and other greenhouse gas
			 emission fees, reduce the rate of the corporate income tax, provide tax
			 credits to workers, deliver additional benefits to retired and disabled
			 Americans, and for other purposes.",Taxation
To amend the Internal Revenue Code of 1986 to increase the catch-up contribution limit for retirement plans of participants age 62 through 64.,Taxation
"To amend the Internal Revenue Code of 1986 to allow a
		  credit against income tax for the purchase of hearing aids.",Taxation
"To amend the Internal Revenue Code of 1986 to modify the automatic extension of certain deadlines in the case of taxpayers affected by Federally declared disasters, and for other purposes.",Taxation
"To amend the Internal Revenue Code of 1986 to provide a
		  tax credit to employers for the costs of implementing wellness programs, and
		  for other purposes.",Taxation
To amend the Internal Revenue Code of 1986 to reform taxation of alcoholic beverages.,Taxation
"To amend the Internal Revenue Code of 1986 to reinstate the financing for the Hazardous Substance
			 Superfund, and for other purposes.",Taxation
"To amend the Internal Revenue Code of 1986 to provide
		  incentives for employer-provided employee housing assistance, and for other
		  purposes.",Taxation
"To amend the Internal Revenue Code of 1986 to ensure that kombucha is exempt from any excise taxes
			 and regulations imposed on alcoholic beverages.",Taxation
To amend the Internal Revenue Code of 1986 to enhance the Child and Dependent Care Tax Credit and make the credit fully refundable.,Taxation
To provide for reconciliation pursuant to titles II and V of the concurrent resolution on the budget for fiscal year 2018.,Taxation
To amend the Internal Revenue Code of 1986 to allow the Hope Scholarship Credit to be used for elementary and secondary expenses.,Taxation
"To amend the Internal Revenue Code of 1986 to permit the disclosure of certain tax return
			 information for the purpose of missing or exploited children
			 investigations.",Taxation
"To provide a temporary increase in the limitation on deductible contributions made for relief
			 efforts related to Hurricane Dorian.",Taxation
To amend the Internal Revenue Code of 1986 to extend for one year the enhanced charitable deduction for contributions of food inventory.,Taxation
"To suspend the excise tax on fuel used in commercial
		  aviation.",Taxation
To amend the Internal Revenue Code of 1986 to limit the charitable deduction for certain qualified conservation contributions.,Taxation
"To amend the Internal Revenue Code of 1986 to allow a
		  credit for the purchase of idling reduction systems for diesel-powered
		  on-highway vehicles.",Taxation
"To amend the Internal Revenue Code of 1986 to eliminate the $117,000 cap on income subject to 
Social Security payroll taxes. 
",Taxation
"To amend the Internal Revenue Code of 1986 to establish tax credits to encourage individual and corporate taxpayers to contribute to scholarships for students through eligible scholarship-granting organizations and eligible workforce training organizations, and for other purposes.",Taxation
"To amend the Internal Revenue Code of 1986 to clarify the application of the net operating loss
			 deduction.",Taxation
"To amend the Internal Revenue Code of 1986 to extend the
		  charitable contributions deduction for food inventory, book inventory, and
		  computer technology and equipment.",Taxation
To rescue domestic medical product manufacturing activity by providing incentives in economically distressed areas of the United States and its possessions.,Taxation
"To amend the Internal Revenue Code of 1986 to allow employers a credit against income tax for
			 employees who participate in qualified apprenticeship programs.",Taxation
To amend the Internal Revenue Code of 1986 to eliminate the marriage penalty in the income tax rate brackets.,Taxation
"To amend the Internal Revenue Code of 1986 to defer the
		  tax on the gain on the sale of certain telecommunications and media businesses,
		  and for other purposes.",Taxation
"To amend the Internal Revenue Code of 1986 to increase
		  the credit for research expenses for 2013 and 2014 and to allow the credit to
		  be assigned.",Taxation
"To amend the Internal Revenue Code of 1986 to provide a
		  1-year extension of the increased expensing of certain depreciable business
		  assets and the special depreciation allowance for certain business
		  property.",Taxation
"To amend section 5000A of the Internal Revenue Code of 1986 to provide an additional religious exemption from the individual health coverage mandate, and for other purposes.",Taxation
"To amend the Internal Revenue Code of 1986 to promote new business innovation, and for other purposes.",Taxation
"To amend the Internal Revenue Code of 1986 to enhance the Child and Dependent Care Tax Credit and
			 make the credit fully refundable.",Taxation
"To amend the Internal Revenue Code of 1986 to provide a

		  refundable credit for certain education expenses.",Taxation
"To amend the Internal Revenue Code of 1986 to provide
		  that the proceeds of qualified mortgage bonds may be used to provide
		  refinancing for subprime loans, to provide a temporary increase in the volume
		  cap for qualified mortgage bonds, and for other purposes.",Taxation
"To amend the Internal Revenue Code of 1986 to make permanent the increase in the standard
			 deduction, the increase in and modifications of the child tax credit, and
			 the repeal of the deduction for personal exemptions contained in Public
			 Law 115–97.",Taxation
To amend the Internal Revenue Code of 1986 to provide for a refundable adoption tax credit.,Taxation
"To amend the Internal Revenue Code of 1986 to provide for

		  the extension of the Highway Trust Fund and the Aquatic Resources Trust Fund

		  expenditure authority and related taxes and to provide for excise tax reform

		  and simplification, and for other purposes. ",Taxation
"To restrict the use of offshore tax havens and abusive
		  tax shelters to inappropriately avoid Federal taxation, and for other
		  purposes.",Taxation
"To amend the Higher Education Act of 1965 to extend the
		  reduced interest rate for undergraduate Federal Direct Stafford Loans, to
		  modify required distribution rules for pension plans, to limit earnings
		  stripping by expatriated entities, to provide for modifications related to the
		  Oil Spill Liability Trust Fund, and for other purposes.",Taxation
To amend the Internal Revenue Code of 1986 to exempt a portion of unemployment compensation received during 2020 from income taxes.,Taxation
"To amend the Internal Revenue Code of 1986 to make
		  permanent the special rule for contributions of qualified conservation
		  contributions.",Taxation
"To ensure that enforcement of Federal tax law by the Internal Revenue Service is not influenced by
			 political bias, inaccurate sources of information, or bias at the
			 individual examiner or department level, and for other purposes.",Taxation
"To amend the Internal Revenue Code of 1986 to expand the
		  tip tax credit to employers of cosmetologists and to promote tax compliance in
		  the cosmetology sector.",Taxation
To amend the Internal Revenue Code of 1986 to modify the tax treatment of certain equity grants.,Taxation
"To amend the Internal Revenue Code of 1986 to encourage retirement and family savings, and for
			 other purposes.",Taxation
"To amend the Internal Revenue Code of 1986 to expand certain exceptions to the private activity
			 bond rules for first-time farmers, and for other purposes.",Taxation
"To amend the Internal Revenue Code of 1986 to exclude
		  from gross income gain from the sale or grant of conservation easements and to
		  allow the sale or grant of conservation easements in the case of the special
		  estate tax valuation provisions for certain farm and other trade or business
		  real property.",Taxation
"To provide a Federal income tax credit for Patriot
		  employers, and for other purposes.",Taxation
"To amend the Internal Revenue Code of 1986 to provide a
		  credit for property certified by the Environmental Protection Agency under the
		  WaterSense program.",Taxation
"To amend the Internal Revenue Code of 1986
		  to exclude from gross income certain combat zone compensation of civilian
		  employees of the United States.",Taxation
"To limit the authority of States to tax certain income of employees for employment duties performed
			 in other States.",Taxation
"To amend the Internal Revenue Code of 1986 to allow
		  long-term care insurance to be offered under cafeteria plans and flexible
		  spending arrangements and to provide additional consumer protections for
		  long-term care insurance.",Taxation
"To amend the Internal Revenue Code of 1986 to exclude from gross income amounts received from
			 State-based earthquake loss mitigation programs.",Taxation
"To amend the Internal Revenue Code of 1986 to improve
		  access to health care through expanded health savings accounts, and for other
		  purposes.",Taxation
"To amend the Internal Revenue Code of 1986 to allow
		  employees not covered by qualified retirement plans to save for retirement
		  through automatic payroll deposit IRAs, to facilitate similar saving by the
		  self-employed, and for other purposes.",Taxation
"To amend the Internal Revenue Code of 1986 to provide credits against income tax for qualified stem cell research, the storage of qualified stem cells, and the donation of umbilical cord blood.",Taxation
"To rescind the authority of the Secretary of the Treasury
		  to develop a return-free tax system.",Taxation
To amend the Internal Revenue Code of 1986 to reduce the corporate income tax rate to 10 percent and to lower the rate of tax on capital gains and dividends to 10 percent.,Taxation
"To amend the Internal Revenue Code of 1986 to prohibit 501(c)(4) entities from using more than 10 percent of total expenditures on certain political expenditures, and for other purposes.",Taxation
"To amend the Internal Revenue Code of 1986 to provide a
		  credit against tax for hurricane and tornado mitigation
		  expenditures.",Taxation
"To amend the Internal Revenue Code of 1986
		  to provide for the creation of disaster protection funds by property and
		  casualty insurance companies for the payment of policyholders’ claims arising
		  from future catastrophic events.",Taxation
"To limit the availability of tax credits and reductions
		  in cost-sharing under the Patient Protection and Affordable Care Act to
		  individuals who receive health insurance coverage pursuant to the provisions of
		  a Taft-Hartley plan.",Taxation
"To amend the Internal Revenue Code of 1986 to modify the incentives for the production of
			 biodiesel.",Taxation
"To provide a Federal income tax credit for Patriot
		  employers, and for other purposes.",Taxation
"To amend the Internal Revenue Code of 1986 to expand affordability of health insurance for working
			 families.",Taxation
"To amend the Internal Revenue Code of 1986 to provide incentives for education in the areas of
			 science, technology, engineering, and mathematics.",Taxation
"To amend the Internal Revenue Code of 1986 to extend the credit for residential energy efficient
			 property and the energy credit.",Taxation
"To amend the Internal Revenue Code of 1986 to provide for
		  adjustments in the individual income tax rates to reflect regional differences
		  in the cost-of-living.",Taxation
"Expressing disapproval by the House of
		  Representatives of the totalization agreement between the United States and
		  Mexico signed by the Commissioner of Social Security and the Director General
		  of the Mexican Social Security Institute on June 29, 2004.",Taxation
To amend the Internal Revenue Code of 1986 to eliminate the taxable income limit on percentage depletion for oil and natural gas produced from marginal properties.,Taxation
To amend the Internal Revenue Code of 1986 to provide a tax credit for taxpayers who remove lead-based hazards.,Taxation
"To amend the Internal Revenue Code of 1986 to allow deductions and credits relating to expenditures
			 in connection with marijuana sales conducted in compliance with State law.",Taxation
To amend the Internal Revenue Code of 1986 to provide a credit for fuel-efficient motor vehicles and to require major integrated oil companies to amortize intangible drilling and development costs.,Taxation
"To amend the Internal Revenue Code of 1986 to provide
		  temporary housing related tax relief for individuals, and for other
		  purposes.",Taxation
"To amend the Internal Revenue Code of 1986
		  to include vaccines against seasonal influenza within the definition of taxable
		  vaccines.",Taxation
"To amend the Internal Revenue Code of 1986

		  to clarify the calculation of the reserve allowance for medical benefits of

		  plans sponsored by bona fide associations.",Taxation
"To reinstate the taxation of foreign oil related income, and for other purposes.",Taxation
To amend the Internal Revenue Code of 1986 to allow certain taxpayers a 2-year carryback of net operating losses and to restore and make permanent the limitation on excess business losses of non-corporate taxpayers.,Taxation
To amend the Internal Revenue Code of 1986 to deny the exemption from income tax for social clubs found to be practicing prohibited discrimination.,Taxation
To amend the Internal Revenue Code of 1986 to repeal the depreciation adjustments required in computing alternative minimum taxable income.,Taxation
"Proposing an amendment to the Constitution
		  of the United States to repeal the sixteenth article of
		  amendment.",Taxation
"To amend the Internal Revenue Code of 1986 to exclude payments received under the Work Colleges
			 Program from gross income, including payments made from institutional
			 funds.",Taxation
"To amend the Internal Revenue Code of 1986 to provide a credit to employers for certain employee
			 education and training expenses.",Taxation
To amend the Internal Revenue Code of 1986 to provide a tax credit to ensure that businesses are properly cleaned and disinfected when stay-at-home restrictions are lifted and to help prevent further infections.,Taxation
"To amend the Internal Revenue Code of 1986 to exclude certain compensation received by public
			 safety officers and their dependents from gross income.",Taxation
"To amend the Internal Revenue Code of 1986 to ensure that kombucha is exempt from any excise taxes
			 and regulations imposed on alcoholic beverages.",Taxation
"To amend the Internal Revenue Code of 1986 to improve access to health care through modernized
			 health savings accounts.",Taxation
"To provide tax relief with respect to the Hurricane Isaac
		  disaster area.",Taxation
"To amend the Internal Revenue Code of 1986

		  to repeal the percentage depletion allowance for certain hardrock mines, and

		  for other purposes.",Taxation
"To amend the Internal Revenue Code of 1986 to extend the
		  enhanced charitable deduction for corporate contributions of computer inventory
		  for educational purposes.",Taxation
"To amend the Internal Revenue Code of 1986 to create a refundable tax credit for travel expenditures, and for other purposes.",Taxation
To amend the Internal Revenue Code of 1986 to modify the tax treatment of certain equity grants.,Taxation
To amend the Internal Revenue Code of 1986 to provide incentives for the conservation of water.,Taxation
To amend the Internal Revenue Code of 1986 to provide recruitment and retention incentives for volunteer emergency service workers.,Taxation
To amend the Internal Revenue Code of 1986 to provide tax incentives for the donation of wild game meat.,Taxation
"To restrict any State or local jurisdiction from imposing
		  a new discriminatory tax on mobile wireless communications services, providers,
		  or property.",Taxation
To amend the Internal Revenue Code of 1986 to enhance the research credit for domestic manufacturers.,Taxation
"To amend the Internal Revenue Code of 1986 to increase
		  the credit for employers establishing workplace child care facilities, to
		  increase the child care credit to encourage greater use of quality child care
		  services, to provide incentives for students to earn child care-related degrees
		  and to work in child care facilities, and to increase the exclusion for
		  employer-provided dependent care assistance.",Taxation
"To amend the Internal Revenue Code of 1986 to treat
		  certain payments made to the European Union in lieu of income taxes to a member
		  of the European Union as income taxes paid to a foreign country for purposes of
		  the foreign tax credit.",Taxation
"To amend the Internal Revenue Code of 1986 to expand health savings accounts, and for other
			 purposes.",Taxation
To amend the Internal Revenue Code of 1986 to repeal the limitations on the maximum amount of the deduction of interest on education loans.,Taxation
To amend the Internal Revenue Code of 1986 to provide that qualified homeowner downpayment assistance is a charitable purpose.,Taxation
"To amend the Internal Revenue Code of 1986 to exclude
		  from gross income compensation received by employees consisting of qualified
		  distributions of employer stock.",Taxation
"To amend the Internal Revenue Code of 1986 to provide for an investment tax credit related to the
			 production of electricity from offshore wind.",Taxation
To amend the Internal Revenue Code of 1986 to require inclusion of the taxpayer’s social security number to claim the refundable portion of the child tax credit.,Taxation
"To amend the Internal Revenue Code of 1986 to allow
		  temporarily a reduced rate of tax with respect to repatriated foreign
		  earnings.",Taxation
To amend the Internal Revenue Code of 1986 to allow individuals and businesses a credit against income tax for the purchase of Energy Star compliant clothes washers and dryers.,Taxation
To amend the Internal Revenue Code of 1986 to prevent earnings stripping of corporations which are related to inverted corporations.,Taxation
"To amend the Internal Revenue Code of 1986 to increase the unified credit against the estate tax to an exclusion equivalent of $5,000,000, to repeal the sunset provision for the estate and generation-skipping taxes, and to extend expiring provisions, and for other purposes.",Taxation
"To prevent homeowners from being forced to
		  pay taxes on forgiven mortgage loan debt.",Taxation
"To amend the Internal Revenue Code of 1986 to treat obligations financing professional sports
			 stadiums as private activity bonds if such obligations meet the private
			 business use test.",Taxation
To amend the Internal Revenue Code to include in income the unrepatriated earnings of groups that include an inverted corporation.,Taxation
"To amend the Internal Revenue Code of 1986 to allow
		  Indian tribes to receive charitable contributions of apparently wholesome
		  food.",Taxation
"To amend the Internal Revenue Code of 1986 to decrease the distance away from home required for a
			 member of a reserve component of the Armed Forces to be eligible for the
			 above-the-line deduction for travel expenses.",Taxation
"To amend the Internal Revenue Code of 1986 to establish a tax credit for neighborhood revitalization, and for other purposes.",Taxation
"To amend the Internal Revenue Code of 1986 to extend the
		  nonbusiness energy property credit to include insulated
		  siding.",Taxation
To provide that silencers be treated the same as long guns.,Taxation
"To amend the Internal Revenue Code of 1986 to extend the
		  Renewal Community program through end of 2012.",Taxation
"To amend the Internal Revenue Code of 1986 to provide
		  that reimbursements for costs of using passenger automobiles for charitable and
		  other organizations are excluded from gross income, and for other
		  purposes.",Taxation
"To amend the Internal Revenue Code of 1986 to increase the exclusion for educational assistance
			 programs.",Taxation
"To amend the Internal Revenue Code of 1986 to repeal the
		  cap on the cover over of tax on distilled spirits to Puerto Rico and the Virgin
		  Islands.",Taxation
"To amend the Internal Revenue Code of 1986 to permanently
		  extend and expand the charitable deduction for contributions of food
		  inventory.",Taxation
Proposing an amendment to the Constitution of the United States to repeal the sixteenth article of amendment.,Taxation
To amend the Internal Revenue Code of 1986 to provide for economic recovery in the possessions of the United States.,Taxation
To amend the Internal Revenue Code of 1986 to improve 529 plans.,Taxation
"To amend the Internal Revenue Code of 1986 to modify the definition of full-time employee for
			 purposes of the employer mandate in the Patient Protection and Affordable
			 Care Act.",Taxation
"To amend the Internal Revenue Code of 1986 to impose a 70
		  percent tax on certain compensation received from certain companies receiving
		  Federal bailout funds.",Taxation
"To amend the Internal Revenue Code of 1986 to extend the
		  funding and expenditure authority of the Airport and Airway Trust Fund, to
		  amend title 49, United States Code, to extend the airport improvement program,
		  and for other purposes.",Taxation
"To amend the Internal Revenue Code of 1986 to improve the rules with respect to health savings
			 accounts.",Taxation
"To amend the Internal Revenue Code of 1986 to provide for the deductibility of charitable
			 contributions to certain organizations for members of the Armed Forces.",Taxation
To amend the Internal Revenue Code of 1986 to eliminate capital gains taxes on investments in the Hurricane Katrina disaster area to reduce the estate tax for victims of Hurricane Katrina.,Taxation
To provide a tax credit for certain expenses associated with protecting employees from COVID–19.,Taxation
"To amend the Internal Revenue Code of 1986 to exclude certain dependent income when calculating
			 modified adjusted gross income for the purposes of eligibility for premium
			 tax credits.",Taxation
